entity_id,state,last_changed
sensor.esp32_ot_mqtt_outdoor_voltage,4.104,2026-07-24T13:00:00.000Z
sensor.esp32_ot_mqtt_outdoor_voltage,4.1,2026-07-24T13:00:54.098Z
sensor.esp32_ot_mqtt_outdoor_voltage,4.098,2026-07-24T13:10:11.725Z
sensor.esp32_ot_mqtt_outdoor_voltage,4.092,2026-07-24T13:14:40.835Z
sensor.esp32_ot_mqtt_outdoor_voltage,4.09,2026-07-24T13:15:57.776Z
sensor.esp32_ot_mqtt_outdoor_voltage,4.098,2026-07-24T13:17:33.904Z
sensor.esp32_ot_mqtt_outdoor_voltage,4.09,2026-07-24T13:18:31.242Z
sensor.esp32_ot_mqtt_outdoor_voltage,4.092,2026-07-24T13:21:05.438Z
sensor.esp32_ot_mqtt_outdoor_voltage,4.098,2026-07-24T13:22:22.360Z
sensor.esp32_ot_mqtt_outdoor_voltage,4.102,2026-07-24T13:26:13.064Z
sensor.esp32_ot_mqtt_outdoor_voltage,4.096,2026-07-24T13:27:09.923Z
sensor.esp32_ot_mqtt_outdoor_voltage,4.098,2026-07-24T13:28:27.662Z
sensor.esp32_ot_mqtt_outdoor_voltage,4.1,2026-07-24T13:37:25.793Z
sensor.esp32_ot_mqtt_outdoor_voltage,4.098,2026-07-24T13:42:14.013Z
sensor.esp32_ot_mqtt_outdoor_voltage,4.102,2026-07-24T13:51:50.198Z
sensor.esp32_ot_mqtt_outdoor_voltage,4.092,2026-07-24T13:55:21.450Z
sensor.esp32_ot_mqtt_outdoor_voltage,4.1,2026-07-24T13:59:31.038Z
sensor.esp32_ot_mqtt_outdoor_voltage,4.096,2026-07-24T14:04:18.987Z
sensor.esp32_ot_mqtt_outdoor_voltage,4.088,2026-07-24T14:07:50.189Z
sensor.esp32_ot_mqtt_outdoor_voltage,4.1,2026-07-24T14:11:59.836Z
sensor.esp32_ot_mqtt_outdoor_voltage,4.092,2026-07-24T14:16:47.979Z
sensor.esp32_ot_mqtt_outdoor_voltage,4.084,2026-07-24T14:21:36.044Z
sensor.esp32_ot_mqtt_outdoor_voltage,4.098,2026-07-24T14:26:24.125Z
sensor.esp32_ot_mqtt_outdoor_voltage,4.084,2026-07-24T14:33:07.357Z
sensor.esp32_ot_mqtt_outdoor_voltage,4.096,2026-07-24T14:34:43.349Z
sensor.esp32_ot_mqtt_outdoor_voltage,4.098,2026-07-24T14:37:36.135Z
sensor.esp32_ot_mqtt_outdoor_voltage,4.082,2026-07-24T14:43:21.677Z
sensor.esp32_ot_mqtt_outdoor_voltage,4.084,2026-07-24T14:46:33.614Z
sensor.esp32_ot_mqtt_outdoor_voltage,4.088,2026-07-24T14:51:21.507Z
sensor.esp32_ot_mqtt_outdoor_voltage,4.09,2026-07-24T14:56:09.257Z
sensor.esp32_ot_mqtt_outdoor_voltage,4.094,2026-07-24T15:00:56.990Z
sensor.esp32_ot_mqtt_outdoor_voltage,4.098,2026-07-24T15:02:32.851Z
sensor.esp32_ot_mqtt_outdoor_voltage,4.094,2026-07-24T15:07:01.392Z
sensor.esp32_ot_mqtt_outdoor_voltage,4.098,2026-07-24T15:09:15.619Z
sensor.esp32_ot_mqtt_outdoor_voltage,4.096,2026-07-24T15:14:03.315Z
sensor.esp32_ot_mqtt_outdoor_voltage,4.104,2026-07-24T15:16:55.873Z
sensor.esp32_ot_mqtt_outdoor_voltage,4.096,2026-07-24T15:21:43.524Z
sensor.esp32_ot_mqtt_outdoor_voltage,4.094,2026-07-24T15:26:31.110Z
sensor.esp32_ot_mqtt_outdoor_voltage,4.102,2026-07-24T15:31:18.673Z
sensor.esp32_ot_mqtt_outdoor_voltage,4.1,2026-07-24T15:36:06.214Z
sensor.esp32_ot_mqtt_outdoor_voltage,4.094,2026-07-24T15:40:53.786Z
sensor.esp32_ot_mqtt_outdoor_voltage,4.092,2026-07-24T15:50:28.704Z
sensor.esp32_ot_mqtt_outdoor_voltage,4.104,2026-07-24T15:54:56.951Z
sensor.esp32_ot_mqtt_outdoor_voltage,4.098,2026-07-24T15:57:49.434Z
sensor.esp32_ot_mqtt_outdoor_voltage,4.094,2026-07-24T16:05:10.140Z
sensor.esp32_ot_mqtt_outdoor_voltage,4.102,2026-07-24T16:09:57.445Z
sensor.esp32_ot_mqtt_outdoor_voltage,4.094,2026-07-24T16:14:44.773Z
sensor.esp32_ot_mqtt_outdoor_voltage,4.096,2026-07-24T16:19:32.073Z
sensor.esp32_ot_mqtt_outdoor_voltage,4.102,2026-07-24T16:28:09.171Z
sensor.esp32_ot_mqtt_outdoor_voltage,4.094,2026-07-24T16:32:56.420Z
sensor.esp32_ot_mqtt_outdoor_voltage,4.1,2026-07-24T16:42:30.773Z
sensor.esp32_ot_mqtt_outdoor_voltage,4.102,2026-07-24T16:47:17.972Z
sensor.esp32_ot_mqtt_outdoor_voltage,4.096,2026-07-24T16:52:05.182Z
sensor.esp32_ot_mqtt_outdoor_voltage,4.1,2026-07-24T17:01:39.453Z
sensor.esp32_ot_mqtt_outdoor_voltage,4.092,2026-07-24T17:06:26.627Z
sensor.esp32_ot_mqtt_outdoor_voltage,4.098,2026-07-24T17:16:01.020Z
sensor.esp32_ot_mqtt_outdoor_voltage,4.096,2026-07-24T17:20:48.162Z
sensor.esp32_ot_mqtt_outdoor_voltage,4.092,2026-07-24T17:25:35.189Z
sensor.esp32_ot_mqtt_outdoor_voltage,4.09,2026-07-24T17:30:22.229Z
sensor.esp32_ot_mqtt_outdoor_voltage,4.094,2026-07-24T17:35:09.264Z
sensor.esp32_ot_mqtt_outdoor_voltage,4.098,2026-07-24T17:39:56.265Z
sensor.esp32_ot_mqtt_outdoor_voltage,4.09,2026-07-24T17:44:43.272Z
sensor.esp32_ot_mqtt_outdoor_voltage,4.092,2026-07-24T17:54:17.499Z
sensor.esp32_ot_mqtt_outdoor_voltage,4.104,2026-07-24T17:59:04.694Z
sensor.esp32_ot_mqtt_outdoor_voltage,4.086,2026-07-24T18:03:51.913Z
sensor.esp32_ot_mqtt_outdoor_voltage,4.094,2026-07-24T18:08:39.054Z
sensor.esp32_ot_mqtt_outdoor_voltage,4.1,2026-07-24T18:13:26.184Z
sensor.esp32_ot_mqtt_outdoor_voltage,4.092,2026-07-24T18:18:13.328Z
sensor.esp32_ot_mqtt_outdoor_voltage,4.082,2026-07-24T18:23:00.529Z
sensor.esp32_ot_mqtt_outdoor_voltage,4.096,2026-07-24T18:27:47.613Z
sensor.esp32_ot_mqtt_outdoor_voltage,4.086,2026-07-24T18:32:34.717Z
sensor.esp32_ot_mqtt_outdoor_voltage,4.094,2026-07-24T18:37:21.851Z
sensor.esp32_ot_mqtt_outdoor_voltage,4.086,2026-07-24T18:42:08.934Z
sensor.esp32_ot_mqtt_outdoor_voltage,4.09,2026-07-24T18:46:55.899Z
sensor.esp32_ot_mqtt_outdoor_voltage,4.1,2026-07-24T18:52:40.199Z
sensor.esp32_ot_mqtt_outdoor_voltage,4.104,2026-07-24T18:57:27.100Z
sensor.esp32_ot_mqtt_outdoor_voltage,4.082,2026-07-24T19:07:00.924Z
sensor.esp32_ot_mqtt_outdoor_voltage,4.094,2026-07-24T19:11:47.771Z
sensor.esp32_ot_mqtt_outdoor_voltage,4.096,2026-07-24T19:16:34.587Z
sensor.esp32_ot_mqtt_outdoor_voltage,4.098,2026-07-24T19:21:21.428Z
sensor.esp32_ot_mqtt_outdoor_voltage,4.086,2026-07-24T19:26:08.178Z
sensor.esp32_ot_mqtt_outdoor_voltage,4.092,2026-07-24T19:30:54.951Z
sensor.esp32_ot_mqtt_outdoor_voltage,4.09,2026-07-24T19:33:46.960Z
sensor.esp32_ot_mqtt_outdoor_voltage,4.094,2026-07-24T19:38:33.680Z
sensor.esp32_ot_mqtt_outdoor_voltage,4.09,2026-07-24T19:42:03.919Z
sensor.esp32_ot_mqtt_outdoor_voltage,4.096,2026-07-24T19:46:50.599Z
sensor.esp32_ot_mqtt_outdoor_voltage,4.092,2026-07-24T19:51:37.260Z
sensor.esp32_ot_mqtt_outdoor_voltage,4.096,2026-07-24T19:56:23.894Z
sensor.esp32_ot_mqtt_outdoor_voltage,4.092,2026-07-24T20:01:10.474Z
sensor.esp32_ot_mqtt_outdoor_voltage,4.09,2026-07-24T20:10:43.603Z
sensor.esp32_ot_mqtt_outdoor_voltage,4.094,2026-07-24T20:15:30.179Z
sensor.esp32_ot_mqtt_outdoor_voltage,4.098,2026-07-24T20:20:16.675Z
sensor.esp32_ot_mqtt_outdoor_voltage,4.086,2026-07-24T20:25:03.200Z
sensor.esp32_ot_mqtt_outdoor_voltage,4.092,2026-07-24T20:29:49.670Z
sensor.esp32_ot_mqtt_outdoor_voltage,4.1,2026-07-24T20:34:36.152Z
sensor.esp32_ot_mqtt_outdoor_voltage,4.096,2026-07-24T20:39:22.620Z
sensor.esp32_ot_mqtt_outdoor_voltage,4.094,2026-07-24T20:44:09.171Z
sensor.esp32_ot_mqtt_outdoor_voltage,4.1,2026-07-24T20:48:36.641Z
sensor.esp32_ot_mqtt_outdoor_voltage,4.098,2026-07-24T20:50:50.489Z
sensor.esp32_ot_mqtt_outdoor_voltage,4.094,2026-07-24T20:55:36.904Z
sensor.esp32_ot_mqtt_outdoor_voltage,4.088,2026-07-24T21:00:23.406Z
sensor.esp32_ot_mqtt_outdoor_voltage,4.098,2026-07-24T21:05:09.885Z
sensor.esp32_ot_mqtt_outdoor_voltage,4.094,2026-07-24T21:09:56.230Z
sensor.esp32_ot_mqtt_outdoor_voltage,4.096,2026-07-24T21:12:28.945Z
sensor.esp32_ot_mqtt_outdoor_voltage,4.092,2026-07-24T21:17:15.359Z
sensor.esp32_ot_mqtt_outdoor_voltage,4.098,2026-07-24T21:26:48.133Z
sensor.esp32_ot_mqtt_outdoor_voltage,4.096,2026-07-24T21:31:34.500Z
sensor.esp32_ot_mqtt_outdoor_voltage,4.09,2026-07-24T21:36:20.944Z
sensor.esp32_ot_mqtt_outdoor_voltage,4.096,2026-07-24T21:45:53.793Z
sensor.esp32_ot_mqtt_outdoor_voltage,4.092,2026-07-24T21:50:40.203Z
sensor.esp32_ot_mqtt_outdoor_voltage,4.088,2026-07-24T21:55:26.631Z
sensor.esp32_ot_mqtt_outdoor_voltage,4.094,2026-07-24T22:00:13.072Z
sensor.esp32_ot_mqtt_outdoor_voltage,4.098,2026-07-24T22:04:59.483Z
sensor.esp32_ot_mqtt_outdoor_voltage,4.088,2026-07-24T22:14:32.354Z
sensor.esp32_ot_mqtt_outdoor_voltage,4.092,2026-07-24T22:19:18.744Z
sensor.esp32_ot_mqtt_outdoor_voltage,4.096,2026-07-24T22:24:05.111Z
sensor.esp32_ot_mqtt_outdoor_voltage,4.09,2026-07-24T22:28:51.478Z
sensor.esp32_ot_mqtt_outdoor_voltage,4.096,2026-07-24T22:43:10.617Z
sensor.esp32_ot_mqtt_outdoor_voltage,4.092,2026-07-24T22:47:56.985Z
sensor.esp32_ot_mqtt_outdoor_voltage,4.09,2026-07-24T22:52:43.339Z
sensor.esp32_ot_mqtt_outdoor_voltage,4.098,2026-07-24T22:57:29.660Z
sensor.esp32_ot_mqtt_outdoor_voltage,4.09,2026-07-24T23:02:16.018Z
sensor.esp32_ot_mqtt_outdoor_voltage,4.1,2026-07-24T23:07:02.423Z
sensor.esp32_ot_mqtt_outdoor_voltage,4.096,2026-07-24T23:11:48.895Z
sensor.esp32_ot_mqtt_outdoor_voltage,4.094,2026-07-24T23:21:21.820Z
sensor.esp32_ot_mqtt_outdoor_voltage,4.096,2026-07-24T23:26:08.225Z
sensor.esp32_ot_mqtt_outdoor_voltage,4.086,2026-07-24T23:30:54.680Z
sensor.esp32_ot_mqtt_outdoor_voltage,4.096,2026-07-24T23:35:41.108Z
sensor.esp32_ot_mqtt_outdoor_voltage,4.1,2026-07-24T23:40:27.560Z
sensor.esp32_ot_mqtt_outdoor_voltage,4.098,2026-07-24T23:45:13.952Z
sensor.esp32_ot_mqtt_outdoor_voltage,4.096,2026-07-24T23:50:00.386Z
sensor.esp32_ot_mqtt_outdoor_voltage,4.088,2026-07-24T23:59:33.373Z
sensor.esp32_ot_mqtt_outdoor_voltage,4.09,2026-07-25T00:04:19.885Z
sensor.esp32_ot_mqtt_outdoor_voltage,4.092,2026-07-25T00:09:06.354Z
sensor.esp32_ot_mqtt_outdoor_voltage,4.096,2026-07-25T00:13:52.815Z
sensor.esp32_ot_mqtt_outdoor_voltage,4.088,2026-07-25T00:18:39.211Z
sensor.esp32_ot_mqtt_outdoor_voltage,4.096,2026-07-25T00:23:25.593Z
sensor.esp32_ot_mqtt_outdoor_voltage,4.09,2026-07-25T00:26:55.648Z
sensor.esp32_ot_mqtt_outdoor_voltage,4.088,2026-07-25T00:31:42.097Z
sensor.esp32_ot_mqtt_outdoor_voltage,4.096,2026-07-25T00:36:28.546Z
sensor.esp32_ot_mqtt_outdoor_voltage,4.094,2026-07-25T00:46:01.570Z
sensor.esp32_ot_mqtt_outdoor_voltage,4.096,2026-07-25T00:50:48.103Z
sensor.esp32_ot_mqtt_outdoor_voltage,4.092,2026-07-25T00:53:20.939Z
sensor.esp32_ot_mqtt_outdoor_voltage,4.094,2026-07-25T00:58:07.514Z
sensor.esp32_ot_mqtt_outdoor_voltage,4.09,2026-07-25T01:02:54.055Z
sensor.esp32_ot_mqtt_outdoor_voltage,4.1,2026-07-25T01:07:40.698Z
sensor.esp32_ot_mqtt_outdoor_voltage,4.078,2026-07-25T01:11:10.927Z
sensor.esp32_ot_mqtt_outdoor_voltage,4.104,2026-07-25T01:15:57.604Z
sensor.esp32_ot_mqtt_outdoor_voltage,4.094,2026-07-25T01:20:44.236Z
sensor.esp32_ot_mqtt_outdoor_voltage,4.09,2026-07-25T01:35:04.378Z
sensor.esp32_ot_mqtt_outdoor_voltage,4.098,2026-07-25T01:41:26.899Z
sensor.esp32_ot_mqtt_outdoor_voltage,4.09,2026-07-25T01:43:21.682Z
sensor.esp32_ot_mqtt_outdoor_voltage,4.092,2026-07-25T01:48:08.669Z
sensor.esp32_ot_mqtt_outdoor_voltage,4.098,2026-07-25T01:57:42.769Z
sensor.esp32_ot_mqtt_outdoor_voltage,4.096,2026-07-25T02:00:54.137Z
sensor.esp32_ot_mqtt_outdoor_voltage,4.09,2026-07-25T02:05:41.277Z
sensor.esp32_ot_mqtt_outdoor_voltage,4.098,2026-07-25T02:13:20.700Z
sensor.esp32_ot_mqtt_outdoor_voltage,4.096,2026-07-25T02:17:10.404Z
sensor.esp32_ot_mqtt_outdoor_voltage,4.098,2026-07-25T02:20:21.835Z
sensor.esp32_ot_mqtt_outdoor_voltage,4.092,2026-07-25T02:29:56.248Z
sensor.esp32_ot_mqtt_outdoor_voltage,4.09,2026-07-25T02:34:43.550Z
sensor.esp32_ot_mqtt_outdoor_voltage,4.096,2026-07-25T02:39:30.851Z
sensor.esp32_ot_mqtt_outdoor_voltage,4.098,2026-07-25T02:44:18.196Z
sensor.esp32_ot_mqtt_outdoor_voltage,4.1,2026-07-25T02:49:05.553Z
sensor.esp32_ot_mqtt_outdoor_voltage,4.092,2026-07-25T02:53:52.946Z
sensor.esp32_ot_mqtt_outdoor_voltage,4.1,2026-07-25T02:58:40.357Z
sensor.esp32_ot_mqtt_outdoor_voltage,4.102,2026-07-25T03:03:27.769Z
sensor.esp32_ot_mqtt_outdoor_voltage,4.096,2026-07-25T03:08:15.213Z
sensor.esp32_ot_mqtt_outdoor_voltage,4.102,2026-07-25T03:13:02.646Z
sensor.esp32_ot_mqtt_outdoor_voltage,4.088,2026-07-25T03:17:50.098Z
sensor.esp32_ot_mqtt_outdoor_voltage,4.098,2026-07-25T03:22:37.614Z
sensor.esp32_ot_mqtt_outdoor_voltage,4.082,2026-07-25T03:27:25.137Z
sensor.esp32_ot_mqtt_outdoor_voltage,4.1,2026-07-25T03:32:12.694Z
sensor.esp32_ot_mqtt_outdoor_voltage,4.096,2026-07-25T03:37:00.279Z
sensor.esp32_ot_mqtt_outdoor_voltage,4.092,2026-07-25T03:41:47.819Z
sensor.esp32_ot_mqtt_outdoor_voltage,4.096,2026-07-25T03:46:35.408Z
sensor.esp32_ot_mqtt_outdoor_voltage,4.1,2026-07-25T03:56:10.503Z
sensor.esp32_ot_mqtt_outdoor_voltage,4.08,2026-07-25T04:00:58.102Z
sensor.esp32_ot_mqtt_outdoor_voltage,4.096,2026-07-25T04:05:45.781Z
sensor.esp32_ot_mqtt_outdoor_voltage,4.094,2026-07-25T04:10:33.447Z
sensor.esp32_ot_mqtt_outdoor_voltage,4.09,2026-07-25T04:15:21.108Z
sensor.esp32_ot_mqtt_outdoor_voltage,4.088,2026-07-25T04:20:08.943Z
sensor.esp32_ot_mqtt_outdoor_voltage,4.096,2026-07-25T04:24:56.834Z
sensor.esp32_ot_mqtt_outdoor_voltage,4.1,2026-07-25T04:29:44.755Z
sensor.esp32_ot_mqtt_outdoor_voltage,4.092,2026-07-25T04:34:32.775Z
sensor.esp32_ot_mqtt_outdoor_voltage,4.09,2026-07-25T04:39:20.784Z
sensor.esp32_ot_mqtt_outdoor_voltage,4.094,2026-07-25T04:44:08.814Z
sensor.esp32_ot_mqtt_outdoor_voltage,4.088,2026-07-25T04:45:06.439Z
sensor.esp32_ot_mqtt_outdoor_voltage,4.098,2026-07-25T04:49:54.587Z
sensor.esp32_ot_mqtt_outdoor_voltage,4.102,2026-07-25T04:54:42.647Z
sensor.esp32_ot_mqtt_outdoor_voltage,4.096,2026-07-25T04:59:30.785Z
sensor.esp32_ot_mqtt_outdoor_voltage,4.102,2026-07-25T05:04:18.898Z
sensor.esp32_ot_mqtt_outdoor_voltage,4.086,2026-07-25T05:09:07.018Z
sensor.esp32_ot_mqtt_outdoor_voltage,4.09,2026-07-25T05:13:55.090Z
sensor.esp32_ot_mqtt_outdoor_voltage,4.096,2026-07-25T05:18:43.196Z
sensor.esp32_ot_mqtt_outdoor_voltage,4.098,2026-07-25T05:23:31.269Z
sensor.esp32_ot_mqtt_outdoor_voltage,4.088,2026-07-25T05:31:12.204Z
sensor.esp32_ot_mqtt_outdoor_voltage,4.082,2026-07-25T05:38:53.192Z
sensor.esp32_ot_mqtt_outdoor_voltage,4.096,2026-07-25T05:43:41.370Z
sensor.esp32_ot_mqtt_outdoor_voltage,4.092,2026-07-25T05:53:17.672Z
sensor.esp32_ot_mqtt_outdoor_voltage,4.096,2026-07-25T05:58:05.718Z
sensor.esp32_ot_mqtt_outdoor_voltage,4.084,2026-07-25T06:01:36.969Z
sensor.esp32_ot_mqtt_outdoor_voltage,4.092,2026-07-25T06:06:25.009Z
sensor.esp32_ot_mqtt_outdoor_voltage,4.098,2026-07-25T06:10:15.473Z
sensor.esp32_ot_mqtt_outdoor_voltage,4.09,2026-07-25T06:15:03.588Z
sensor.esp32_ot_mqtt_outdoor_voltage,4.088,2026-07-25T06:24:01.356Z
sensor.esp32_ot_mqtt_outdoor_voltage,4.094,2026-07-25T06:32:59.122Z
sensor.esp32_ot_mqtt_outdoor_voltage,4.088,2026-07-25T06:37:47.231Z
sensor.esp32_ot_mqtt_outdoor_voltage,4.098,2026-07-25T06:42:35.384Z
sensor.esp32_ot_mqtt_outdoor_voltage,4.096,2026-07-25T06:47:23.495Z
sensor.esp32_ot_mqtt_outdoor_voltage,4.088,2026-07-25T06:52:11.687Z
sensor.esp32_ot_mqtt_outdoor_voltage,4.104,2026-07-25T06:56:59.870Z
sensor.esp32_ot_mqtt_outdoor_voltage,4.096,2026-07-25T07:01:47.945Z
sensor.esp32_ot_mqtt_outdoor_voltage,4.094,2026-07-25T07:06:36.053Z
sensor.esp32_ot_mqtt_outdoor_voltage,4.098,2026-07-25T07:11:24.178Z
sensor.esp32_ot_mqtt_outdoor_voltage,4.096,2026-07-25T07:16:12.411Z
sensor.esp32_ot_mqtt_outdoor_voltage,4.1,2026-07-25T07:21:00.566Z
sensor.esp32_ot_mqtt_outdoor_voltage,4.092,2026-07-25T07:25:48.825Z
sensor.esp32_ot_mqtt_outdoor_voltage,4.094,2026-07-25T07:30:37.034Z
sensor.esp32_ot_mqtt_outdoor_voltage,4.096,2026-07-25T07:35:25.279Z
sensor.esp32_ot_mqtt_outdoor_voltage,4.104,2026-07-25T07:40:13.541Z
sensor.esp32_ot_mqtt_outdoor_voltage,4.092,2026-07-25T07:45:01.884Z
sensor.esp32_ot_mqtt_outdoor_voltage,4.088,2026-07-25T07:49:50.235Z
sensor.esp32_ot_mqtt_outdoor_voltage,4.086,2026-07-25T07:54:38.570Z
sensor.esp32_ot_mqtt_outdoor_voltage,4.094,2026-07-25T07:59:26.958Z
sensor.esp32_ot_mqtt_outdoor_voltage,4.096,2026-07-25T08:04:15.389Z
sensor.esp32_ot_mqtt_outdoor_voltage,4.098,2026-07-25T08:09:03.822Z
sensor.esp32_ot_mqtt_outdoor_voltage,4.1,2026-07-25T08:13:52.256Z
sensor.esp32_ot_mqtt_outdoor_voltage,4.094,2026-07-25T08:18:21.402Z
sensor.esp32_ot_mqtt_outdoor_voltage,4.1,2026-07-25T08:22:50.782Z
sensor.esp32_ot_mqtt_outdoor_voltage,4.092,2026-07-25T08:24:27.023Z
sensor.esp32_ot_mqtt_outdoor_voltage,4.096,2026-07-25T08:27:00.986Z
sensor.esp32_ot_mqtt_outdoor_voltage,4.094,2026-07-25T08:30:13.355Z
sensor.esp32_ot_mqtt_outdoor_voltage,4.096,2026-07-25T08:33:45.054Z
sensor.esp32_ot_mqtt_outdoor_voltage,4.094,2026-07-25T08:37:55.258Z
sensor.esp32_ot_mqtt_outdoor_voltage,4.096,2026-07-25T08:39:50.773Z
sensor.esp32_ot_mqtt_outdoor_voltage,4.09,2026-07-25T08:41:27.035Z
sensor.esp32_ot_mqtt_outdoor_voltage,4.098,2026-07-25T08:43:41.826Z
sensor.esp32_ot_mqtt_outdoor_voltage,4.1,2026-07-25T08:45:18.200Z
sensor.esp32_ot_mqtt_outdoor_voltage,4.092,2026-07-25T08:46:35.259Z
sensor.esp32_ot_mqtt_outdoor_voltage,4.102,2026-07-25T08:47:52.398Z
sensor.esp32_ot_mqtt_outdoor_voltage,4.096,2026-07-25T08:49:09.568Z
sensor.esp32_ot_mqtt_outdoor_voltage,4.1,2026-07-25T08:55:16.410Z
sensor.esp32_ot_mqtt_outdoor_voltage,4.098,2026-07-25T08:56:33.707Z
sensor.esp32_ot_mqtt_outdoor_voltage,4.094,2026-07-25T08:57:50.995Z
sensor.esp32_ot_mqtt_outdoor_voltage,4.096,2026-07-25T09:05:15.739Z
sensor.esp32_ot_mqtt_outdoor_voltage,4.094,2026-07-25T09:07:30.845Z
sensor.esp32_ot_mqtt_outdoor_voltage,4.098,2026-07-25T09:09:27.375Z
sensor.esp32_ot_mqtt_outdoor_voltage,4.1,2026-07-25T09:11:04.159Z
sensor.esp32_ot_mqtt_outdoor_voltage,4.096,2026-07-25T09:13:58.455Z
sensor.esp32_ot_mqtt_outdoor_voltage,4.102,2026-07-25T09:18:48.980Z
sensor.esp32_ot_mqtt_outdoor_voltage,4.092,2026-07-25T09:20:25.851Z
sensor.esp32_ot_mqtt_outdoor_voltage,4.096,2026-07-25T09:22:41.506Z
sensor.esp32_ot_mqtt_outdoor_voltage,4.09,2026-07-25T09:25:55.374Z
sensor.esp32_ot_mqtt_outdoor_voltage,4.094,2026-07-25T09:29:28.308Z
sensor.esp32_ot_mqtt_outdoor_voltage,4.098,2026-07-25T09:30:46.206Z
sensor.esp32_ot_mqtt_outdoor_voltage,4.094,2026-07-25T09:33:21.375Z
sensor.esp32_ot_mqtt_outdoor_voltage,4.098,2026-07-25T09:34:38.952Z
sensor.esp32_ot_mqtt_outdoor_voltage,4.094,2026-07-25T09:37:32.729Z
sensor.esp32_ot_mqtt_outdoor_voltage,4.098,2026-07-25T09:38:31.787Z
sensor.esp32_ot_mqtt_outdoor_voltage,4.09,2026-07-25T09:39:49.436Z
sensor.esp32_ot_mqtt_outdoor_voltage,4.098,2026-07-25T09:41:45.841Z
sensor.esp32_ot_mqtt_outdoor_voltage,4.088,2026-07-25T09:42:43.677Z
sensor.esp32_ot_mqtt_outdoor_voltage,4.096,2026-07-25T09:43:41.890Z
sensor.esp32_ot_mqtt_outdoor_voltage,4.094,2026-07-25T09:45:19.325Z
sensor.esp32_ot_mqtt_outdoor_voltage,4.102,2026-07-25T09:46:56.401Z
sensor.esp32_ot_mqtt_outdoor_voltage,4.098,2026-07-25T09:49:31.753Z
sensor.esp32_ot_mqtt_outdoor_voltage,4.1,2026-07-25T09:51:08.889Z
sensor.esp32_ot_mqtt_outdoor_voltage,4.098,2026-07-25T09:52:07.155Z
sensor.esp32_ot_mqtt_outdoor_voltage,4.106,2026-07-25T09:53:05.063Z
sensor.esp32_ot_mqtt_outdoor_voltage,4.094,2026-07-25T09:54:23.122Z
sensor.esp32_ot_mqtt_outdoor_voltage,4.092,2026-07-25T09:55:03.871Z
sensor.esp32_ot_mqtt_outdoor_voltage,4.09,2026-07-25T09:56:21.938Z
sensor.esp32_ot_mqtt_outdoor_voltage,4.092,2026-07-25T09:57:20.195Z
sensor.esp32_ot_mqtt_outdoor_voltage,4.096,2026-07-25T10:00:14.972Z
sensor.esp32_ot_mqtt_outdoor_voltage,4.1,2026-07-25T10:02:50.423Z
sensor.esp32_ot_mqtt_outdoor_voltage,4.096,2026-07-25T10:05:45.194Z
sensor.esp32_ot_mqtt_outdoor_voltage,4.098,2026-07-25T10:07:02.915Z
sensor.esp32_ot_mqtt_outdoor_voltage,4.096,2026-07-25T10:08:20.626Z
sensor.esp32_ot_mqtt_outdoor_voltage,4.098,2026-07-25T10:14:29.726Z
sensor.esp32_ot_mqtt_outdoor_voltage,4.1,2026-07-25T10:19:21.100Z
sensor.esp32_ot_mqtt_outdoor_voltage,4.094,2026-07-25T10:24:12.498Z
sensor.esp32_ot_mqtt_outdoor_voltage,4.102,2026-07-25T10:29:03.866Z
sensor.esp32_ot_mqtt_outdoor_voltage,4.09,2026-07-25T10:31:58.704Z
sensor.esp32_ot_mqtt_outdoor_voltage,4.094,2026-07-25T10:36:50.017Z
sensor.esp32_ot_mqtt_outdoor_voltage,4.098,2026-07-25T10:38:27.127Z
sensor.esp32_ot_mqtt_outdoor_voltage,4.1,2026-07-25T10:42:20.245Z
sensor.esp32_ot_mqtt_outdoor_voltage,4.094,2026-07-25T10:42:58.756Z
sensor.esp32_ot_mqtt_outdoor_voltage,4.1,2026-07-25T10:43:18.196Z
sensor.esp32_ot_mqtt_outdoor_voltage,4.096,2026-07-25T10:44:36.296Z
sensor.esp32_ot_mqtt_outdoor_voltage,4.098,2026-07-25T10:46:13.462Z
sensor.esp32_ot_mqtt_outdoor_voltage,4.096,2026-07-25T10:47:11.405Z
sensor.esp32_ot_mqtt_outdoor_voltage,4.094,2026-07-25T10:57:14.306Z
sensor.esp32_ot_mqtt_outdoor_voltage,4.096,2026-07-25T10:58:51.488Z
sensor.esp32_ot_mqtt_outdoor_voltage,4.098,2026-07-25T11:03:43.023Z
sensor.esp32_ot_mqtt_outdoor_voltage,4.1,2026-07-25T11:06:37.917Z
sensor.esp32_ot_mqtt_outdoor_voltage,4.104,2026-07-25T11:07:16.427Z
sensor.esp32_ot_mqtt_outdoor_voltage,4.094,2026-07-25T11:08:53.999Z
sensor.esp32_ot_mqtt_outdoor_voltage,4.096,2026-07-25T11:11:10.014Z
sensor.esp32_ot_mqtt_outdoor_voltage,4.1,2026-07-25T11:12:07.956Z
sensor.esp32_ot_mqtt_outdoor_voltage,4.094,2026-07-25T11:12:46.827Z
sensor.esp32_ot_mqtt_outdoor_voltage,4.096,2026-07-25T11:13:45.142Z
sensor.esp32_ot_mqtt_outdoor_voltage,4.092,2026-07-25T11:15:22.710Z
sensor.esp32_ot_mqtt_outdoor_voltage,4.09,2026-07-25T11:16:40.081Z
sensor.esp32_ot_mqtt_outdoor_voltage,4.094,2026-07-25T11:17:18.937Z
sensor.esp32_ot_mqtt_outdoor_voltage,4.092,2026-07-25T11:17:38.375Z
sensor.esp32_ot_mqtt_outdoor_voltage,4.094,2026-07-25T11:17:57.811Z
sensor.esp32_ot_mqtt_outdoor_voltage,4.1,2026-07-25T11:18:17.249Z
sensor.esp32_ot_mqtt_outdoor_voltage,4.102,2026-07-25T11:18:56.121Z
sensor.esp32_ot_mqtt_outdoor_voltage,4.1,2026-07-25T11:19:34.964Z
sensor.esp32_ot_mqtt_outdoor_voltage,4.096,2026-07-25T11:20:13.814Z
sensor.esp32_ot_mqtt_outdoor_voltage,4.09,2026-07-25T11:20:52.201Z
sensor.esp32_ot_mqtt_outdoor_voltage,4.1,2026-07-25T11:21:31.515Z
sensor.esp32_ot_mqtt_outdoor_voltage,4.092,2026-07-25T11:22:10.327Z
sensor.esp32_ot_mqtt_outdoor_voltage,4.094,2026-07-25T11:22:49.153Z
sensor.esp32_ot_mqtt_outdoor_voltage,4.092,2026-07-25T11:23:28.353Z
sensor.esp32_ot_mqtt_outdoor_voltage,4.094,2026-07-25T11:24:06.810Z
sensor.esp32_ot_mqtt_outdoor_voltage,4.092,2026-07-25T11:24:45.631Z
sensor.esp32_ot_mqtt_outdoor_voltage,4.096,2026-07-25T11:25:43.831Z
sensor.esp32_ot_mqtt_outdoor_voltage,4.1,2026-07-25T11:26:22.606Z
sensor.esp32_ot_mqtt_outdoor_voltage,4.096,2026-07-25T11:27:01.778Z
sensor.esp32_ot_mqtt_outdoor_voltage,4.094,2026-07-25T11:27:40.204Z
sensor.esp32_ot_mqtt_outdoor_voltage,4.098,2026-07-25T11:28:19.035Z
sensor.esp32_ot_mqtt_outdoor_voltage,4.094,2026-07-25T11:28:57.841Z
sensor.esp32_ot_mqtt_outdoor_voltage,4.092,2026-07-25T11:30:15.756Z
sensor.esp32_ot_mqtt_outdoor_voltage,4.1,2026-07-25T11:31:33.289Z
sensor.esp32_ot_mqtt_outdoor_voltage,4.094,2026-07-25T11:33:48.870Z
sensor.esp32_ot_mqtt_outdoor_voltage,4.098,2026-07-25T11:36:04.438Z
sensor.esp32_ot_mqtt_outdoor_voltage,4.094,2026-07-25T11:38:58.692Z
sensor.esp32_ot_mqtt_outdoor_voltage,4.096,2026-07-25T11:39:37.040Z
sensor.esp32_ot_mqtt_outdoor_voltage,4.092,2026-07-25T11:41:33.163Z
sensor.esp32_ot_mqtt_outdoor_voltage,4.1,2026-07-25T11:42:31.208Z
sensor.esp32_ot_mqtt_outdoor_voltage,4.094,2026-07-25T11:43:29.257Z
sensor.esp32_ot_mqtt_outdoor_voltage,4.088,2026-07-25T11:44:47.024Z
sensor.esp32_ot_mqtt_outdoor_voltage,4.09,2026-07-25T11:46:04.389Z
sensor.esp32_ot_mqtt_outdoor_voltage,4.094,2026-07-25T11:47:21.706Z
sensor.esp32_ot_mqtt_outdoor_voltage,4.096,2026-07-25T11:48:58.311Z
sensor.esp32_ot_mqtt_outdoor_voltage,4.09,2026-07-25T11:50:15.555Z
sensor.esp32_ot_mqtt_outdoor_voltage,4.092,2026-07-25T11:51:52.115Z
sensor.esp32_ot_mqtt_outdoor_voltage,4.086,2026-07-25T11:53:47.956Z
sensor.esp32_ot_mqtt_outdoor_voltage,4.098,2026-07-25T11:55:43.781Z
sensor.esp32_ot_mqtt_outdoor_voltage,4.096,2026-07-25T11:58:37.413Z
sensor.esp32_ot_mqtt_outdoor_voltage,4.098,2026-07-25T12:01:31.014Z
sensor.esp32_ot_mqtt_outdoor_voltage,4.094,2026-07-25T12:03:26.686Z
sensor.esp32_ot_mqtt_outdoor_voltage,4.096,2026-07-25T12:04:24.504Z
sensor.esp32_ot_mqtt_outdoor_voltage,4.09,2026-07-25T12:06:20.187Z
sensor.esp32_ot_mqtt_outdoor_voltage,4.098,2026-07-25T12:06:58.411Z
sensor.esp32_ot_mqtt_outdoor_voltage,4.096,2026-07-25T12:08:15.900Z
sensor.esp32_ot_mqtt_outdoor_voltage,4.098,2026-07-25T12:10:30.828Z
sensor.esp32_ot_mqtt_outdoor_voltage,4.094,2026-07-25T12:11:47.937Z
sensor.esp32_ot_mqtt_outdoor_voltage,4.098,2026-07-25T12:16:56.105Z
sensor.esp32_ot_mqtt_outdoor_voltage,4.096,2026-07-25T12:18:51.620Z
sensor.esp32_ot_mqtt_outdoor_voltage,4.104,2026-07-25T12:21:44.801Z
sensor.esp32_ot_mqtt_outdoor_voltage,4.092,2026-07-25T12:24:18.724Z
sensor.esp32_ot_mqtt_outdoor_voltage,4.094,2026-07-25T12:25:54.911Z
sensor.esp32_ot_mqtt_outdoor_voltage,4.092,2026-07-25T12:33:17.211Z
sensor.esp32_ot_mqtt_outdoor_voltage,4.094,2026-07-25T12:35:50.944Z
sensor.esp32_ot_mqtt_outdoor_voltage,4.098,2026-07-25T12:39:41.554Z
sensor.esp32_ot_mqtt_outdoor_voltage,4.096,2026-07-25T12:44:29.694Z
sensor.esp32_ot_mqtt_outdoor_voltage,4.098,2026-07-25T12:49:17.771Z
sensor.esp32_ot_mqtt_outdoor_voltage,4.088,2026-07-25T12:54:05.770Z
sensor.esp32_ot_mqtt_outdoor_voltage,4.092,2026-07-25T12:58:53.788Z
sensor.esp32_ot_mqtt_outdoor_voltage,4.09,2026-07-25T13:03:41.755Z
sensor.esp32_ot_mqtt_outdoor_voltage,4.088,2026-07-25T13:07:51.287Z
sensor.esp32_ot_mqtt_outdoor_voltage,4.09,2026-07-25T13:12:39.151Z
sensor.esp32_ot_mqtt_outdoor_voltage,4.094,2026-07-25T13:22:14.720Z
sensor.esp32_ot_mqtt_outdoor_voltage,4.096,2026-07-25T13:31:50.224Z
sensor.esp32_ot_mqtt_outdoor_voltage,4.094,2026-07-25T13:36:37.948Z
sensor.esp32_ot_mqtt_outdoor_voltage,4.082,2026-07-25T13:41:25.632Z
sensor.esp32_ot_mqtt_outdoor_voltage,4.092,2026-07-25T13:46:13.267Z
sensor.esp32_ot_mqtt_outdoor_voltage,4.1,2026-07-25T13:51:00.901Z
sensor.esp32_ot_mqtt_outdoor_voltage,4.092,2026-07-25T13:53:15.111Z
sensor.esp32_ot_mqtt_outdoor_voltage,4.102,2026-07-25T13:58:02.725Z
sensor.esp32_ot_mqtt_outdoor_voltage,4.098,2026-07-25T14:02:50.314Z
sensor.esp32_ot_mqtt_outdoor_voltage,4.086,2026-07-25T14:07:37.858Z
sensor.esp32_ot_mqtt_outdoor_voltage,4.094,2026-07-25T14:12:25.447Z
sensor.esp32_ot_mqtt_outdoor_voltage,4.084,2026-07-25T14:22:00.575Z
sensor.esp32_ot_mqtt_outdoor_voltage,4.1,2026-07-25T14:26:48.032Z
sensor.esp32_ot_mqtt_outdoor_voltage,4.094,2026-07-25T14:31:35.578Z
sensor.esp32_ot_mqtt_outdoor_voltage,4.088,2026-07-25T14:36:23.114Z
sensor.esp32_ot_mqtt_outdoor_voltage,4.098,2026-07-25T14:41:10.662Z
sensor.esp32_ot_mqtt_outdoor_voltage,4.084,2026-07-25T14:50:45.722Z
sensor.esp32_ot_mqtt_outdoor_voltage,4.092,2026-07-25T14:55:33.215Z
sensor.esp32_ot_mqtt_outdoor_voltage,4.08,2026-07-25T14:58:06.521Z
sensor.esp32_ot_mqtt_outdoor_voltage,4.096,2026-07-25T15:02:54.047Z
sensor.esp32_ot_mqtt_outdoor_voltage,4.08,2026-07-25T15:06:24.811Z
sensor.esp32_ot_mqtt_outdoor_voltage,4.096,2026-07-25T15:08:19.823Z
sensor.esp32_ot_mqtt_outdoor_voltage,4.084,2026-07-25T15:13:07.322Z
sensor.esp32_ot_mqtt_outdoor_voltage,4.092,2026-07-25T15:17:54.674Z
sensor.esp32_ot_mqtt_outdoor_voltage,4.09,2026-07-25T15:22:42.064Z
sensor.esp32_ot_mqtt_outdoor_voltage,4.096,2026-07-25T15:27:29.488Z
sensor.esp32_ot_mqtt_outdoor_voltage,4.094,2026-07-25T15:28:07.803Z
sensor.esp32_ot_mqtt_outdoor_voltage,4.098,2026-07-25T15:28:45.785Z
sensor.esp32_ot_mqtt_outdoor_voltage,4.094,2026-07-25T15:29:43.650Z
sensor.esp32_ot_mqtt_outdoor_voltage,4.098,2026-07-25T15:30:40.776Z
sensor.esp32_ot_mqtt_outdoor_voltage,4.086,2026-07-25T15:31:38.257Z
sensor.esp32_ot_mqtt_outdoor_voltage,4.098,2026-07-25T15:32:16.605Z
sensor.esp32_ot_mqtt_outdoor_voltage,4.086,2026-07-25T15:32:35.785Z
sensor.esp32_ot_mqtt_outdoor_voltage,4.098,2026-07-25T15:32:54.956Z
sensor.esp32_ot_mqtt_outdoor_voltage,4.092,2026-07-25T15:33:13.696Z
sensor.esp32_ot_mqtt_outdoor_voltage,4.096,2026-07-25T15:33:52.526Z
sensor.esp32_ot_mqtt_outdoor_voltage,4.08,2026-07-25T15:34:30.860Z
sensor.esp32_ot_mqtt_outdoor_voltage,4.094,2026-07-25T15:34:49.560Z
sensor.esp32_ot_mqtt_outdoor_voltage,4.092,2026-07-25T15:35:28.747Z
sensor.esp32_ot_mqtt_outdoor_voltage,4.098,2026-07-25T15:36:25.987Z
sensor.esp32_ot_mqtt_outdoor_voltage,4.084,2026-07-25T15:37:23.459Z
sensor.esp32_ot_mqtt_outdoor_voltage,4.088,2026-07-25T15:38:01.837Z
sensor.esp32_ot_mqtt_outdoor_voltage,4.09,2026-07-25T15:38:59.391Z
sensor.esp32_ot_mqtt_outdoor_voltage,4.086,2026-07-25T15:40:16.454Z
sensor.esp32_ot_mqtt_outdoor_voltage,4.094,2026-07-25T15:41:33.189Z
sensor.esp32_ot_mqtt_outdoor_voltage,4.092,2026-07-25T15:55:56.667Z
sensor.esp32_ot_mqtt_outdoor_voltage,4.088,2026-07-25T16:00:25.279Z
sensor.esp32_ot_mqtt_outdoor_voltage,4.082,2026-07-25T16:05:12.824Z
sensor.esp32_ot_mqtt_outdoor_voltage,4.08,2026-07-25T16:10:00.174Z
sensor.esp32_ot_mqtt_outdoor_voltage,4.086,2026-07-25T16:14:47.438Z
sensor.esp32_ot_mqtt_outdoor_voltage,4.098,2026-07-25T16:17:39.783Z
sensor.esp32_ot_mqtt_outdoor_voltage,4.088,2026-07-25T16:22:26.865Z
sensor.esp32_ot_mqtt_outdoor_voltage,4.094,2026-07-25T16:24:21.635Z
sensor.esp32_ot_mqtt_outdoor_voltage,4.104,2026-07-25T16:29:08.598Z
sensor.esp32_ot_mqtt_outdoor_voltage,4.088,2026-07-25T16:33:55.393Z
sensor.esp32_ot_mqtt_outdoor_voltage,4.098,2026-07-25T16:36:10.319Z
sensor.esp32_ot_mqtt_outdoor_voltage,4.094,2026-07-25T16:36:29.069Z
sensor.esp32_ot_mqtt_outdoor_voltage,4.096,2026-07-25T16:39:21.552Z
sensor.esp32_ot_mqtt_outdoor_voltage,4.094,2026-07-25T16:44:08.206Z
sensor.esp32_ot_mqtt_outdoor_voltage,4.098,2026-07-25T16:48:16.595Z
sensor.esp32_ot_mqtt_outdoor_voltage,4.092,2026-07-25T16:53:03.275Z
sensor.esp32_ot_mqtt_outdoor_voltage,4.102,2026-07-25T17:02:36.495Z
sensor.esp32_ot_mqtt_outdoor_voltage,4.09,2026-07-25T17:07:23.107Z
sensor.esp32_ot_mqtt_outdoor_voltage,4.096,2026-07-25T17:12:09.669Z
sensor.esp32_ot_mqtt_outdoor_voltage,4.086,2026-07-25T17:21:42.714Z
sensor.esp32_ot_mqtt_outdoor_voltage,4.09,2026-07-25T17:26:29.203Z
sensor.esp32_ot_mqtt_outdoor_voltage,4.092,2026-07-25T17:31:15.673Z
sensor.esp32_ot_mqtt_outdoor_voltage,4.096,2026-07-25T17:33:47.414Z
sensor.esp32_ot_mqtt_outdoor_voltage,4.092,2026-07-25T17:34:06.501Z
sensor.esp32_ot_mqtt_outdoor_voltage,4.086,2026-07-25T17:35:42.032Z
sensor.esp32_ot_mqtt_outdoor_voltage,4.092,2026-07-25T17:40:28.511Z
sensor.esp32_ot_mqtt_outdoor_voltage,4.098,2026-07-25T17:50:01.311Z
sensor.esp32_ot_mqtt_outdoor_voltage,4.09,2026-07-25T17:54:47.703Z
sensor.esp32_ot_mqtt_outdoor_voltage,4.096,2026-07-25T17:59:34.029Z
sensor.esp32_ot_mqtt_outdoor_voltage,4.094,2026-07-25T18:04:20.343Z
sensor.esp32_ot_mqtt_outdoor_voltage,4.092,2026-07-25T18:09:06.629Z
sensor.esp32_ot_mqtt_outdoor_voltage,4.094,2026-07-25T18:13:52.941Z
sensor.esp32_ot_mqtt_outdoor_voltage,4.09,2026-07-25T18:18:39.253Z
sensor.esp32_ot_mqtt_outdoor_voltage,4.088,2026-07-25T18:23:25.509Z
sensor.esp32_ot_mqtt_outdoor_voltage,4.092,2026-07-25T18:28:11.795Z
sensor.esp32_ot_mqtt_outdoor_voltage,4.09,2026-07-25T18:33:16.128Z
sensor.esp32_ot_mqtt_outdoor_voltage,4.088,2026-07-25T18:38:02.411Z
sensor.esp32_ot_mqtt_outdoor_voltage,4.086,2026-07-25T18:42:48.555Z
sensor.esp32_ot_mqtt_outdoor_voltage,4.09,2026-07-25T18:47:34.705Z
sensor.esp32_ot_mqtt_outdoor_voltage,4.094,2026-07-25T18:52:20.987Z
sensor.esp32_ot_mqtt_outdoor_voltage,4.098,2026-07-25T18:57:07.304Z
sensor.esp32_ot_mqtt_outdoor_voltage,4.1,2026-07-25T19:01:53.634Z
sensor.esp32_ot_mqtt_outdoor_voltage,4.094,2026-07-25T19:06:39.890Z
sensor.esp32_ot_mqtt_outdoor_voltage,4.096,2026-07-25T19:16:12.478Z
sensor.esp32_ot_mqtt_outdoor_voltage,4.098,2026-07-25T19:20:58.729Z
sensor.esp32_ot_mqtt_outdoor_voltage,4.096,2026-07-25T19:25:45.031Z
sensor.esp32_ot_mqtt_outdoor_voltage,4.094,2026-07-25T19:30:47.282Z
sensor.esp32_ot_mqtt_outdoor_voltage,4.098,2026-07-25T19:35:33.604Z
sensor.esp32_ot_mqtt_outdoor_voltage,4.09,2026-07-25T19:40:19.898Z
sensor.esp32_ot_mqtt_outdoor_voltage,4.092,2026-07-25T19:45:06.283Z
sensor.esp32_ot_mqtt_outdoor_voltage,4.09,2026-07-25T19:49:52.628Z
sensor.esp32_ot_mqtt_outdoor_voltage,4.098,2026-07-25T19:54:39.026Z
sensor.esp32_ot_mqtt_outdoor_voltage,4.088,2026-07-25T19:59:25.351Z
sensor.esp32_ot_mqtt_outdoor_voltage,4.096,2026-07-25T20:04:11.708Z
sensor.esp32_ot_mqtt_outdoor_voltage,4.084,2026-07-25T20:08:58.066Z
sensor.esp32_ot_mqtt_outdoor_voltage,4.09,2026-07-25T20:13:44.474Z
sensor.esp32_ot_mqtt_outdoor_voltage,4.088,2026-07-25T20:18:30.899Z
sensor.esp32_ot_mqtt_outdoor_voltage,4.092,2026-07-25T20:23:17.351Z
sensor.esp32_ot_mqtt_outdoor_voltage,4.084,2026-07-25T20:26:43.881Z
sensor.esp32_ot_mqtt_outdoor_voltage,4.094,2026-07-25T20:30:33.470Z
sensor.esp32_ot_mqtt_outdoor_voltage,4.096,2026-07-25T20:35:19.927Z
sensor.esp32_ot_mqtt_outdoor_voltage,4.088,2026-07-25T20:40:06.389Z
sensor.esp32_ot_mqtt_outdoor_voltage,4.092,2026-07-25T20:44:52.757Z
sensor.esp32_ot_mqtt_outdoor_voltage,4.096,2026-07-25T20:54:25.468Z
sensor.esp32_ot_mqtt_outdoor_voltage,4.092,2026-07-25T20:59:11.829Z
sensor.esp32_ot_mqtt_outdoor_voltage,4.088,2026-07-25T21:03:58.225Z
sensor.esp32_ot_mqtt_outdoor_voltage,4.1,2026-07-25T21:13:31.184Z
sensor.esp32_ot_mqtt_outdoor_voltage,4.096,2026-07-25T21:18:17.692Z
sensor.esp32_ot_mqtt_outdoor_voltage,4.086,2026-07-25T21:23:04.239Z
sensor.esp32_ot_mqtt_outdoor_voltage,4.09,2026-07-25T21:23:58.375Z
sensor.esp32_ot_mqtt_outdoor_voltage,4.088,2026-07-25T21:24:17.483Z
sensor.esp32_ot_mqtt_outdoor_voltage,4.096,2026-07-25T21:27:47.604Z
sensor.esp32_ot_mqtt_outdoor_voltage,4.082,2026-07-25T21:32:34.166Z
sensor.esp32_ot_mqtt_outdoor_voltage,4.092,2026-07-25T21:37:20.703Z
sensor.esp32_ot_mqtt_outdoor_voltage,4.094,2026-07-25T21:42:07.293Z
sensor.esp32_ot_mqtt_outdoor_voltage,4.096,2026-07-25T21:46:53.831Z
sensor.esp32_ot_mqtt_outdoor_voltage,4.086,2026-07-25T21:51:40.401Z
sensor.esp32_ot_mqtt_outdoor_voltage,4.092,2026-07-25T21:56:26.947Z
sensor.esp32_ot_mqtt_outdoor_voltage,4.098,2026-07-25T22:01:13.520Z
sensor.esp32_ot_mqtt_outdoor_voltage,4.094,2026-07-25T22:06:00.012Z
sensor.esp32_ot_mqtt_outdoor_voltage,4.086,2026-07-25T22:10:46.488Z
sensor.esp32_ot_mqtt_outdoor_voltage,4.09,2026-07-25T22:15:33.034Z
sensor.esp32_ot_mqtt_outdoor_voltage,4.098,2026-07-25T22:20:19.521Z
sensor.esp32_ot_mqtt_outdoor_voltage,4.096,2026-07-25T22:21:34.880Z
sensor.esp32_ot_mqtt_outdoor_voltage,4.1,2026-07-25T22:21:53.965Z
sensor.esp32_ot_mqtt_outdoor_voltage,4.094,2026-07-25T22:25:24.136Z
sensor.esp32_ot_mqtt_outdoor_voltage,4.088,2026-07-25T22:30:10.679Z
sensor.esp32_ot_mqtt_outdoor_voltage,4.096,2026-07-25T22:34:57.259Z
sensor.esp32_ot_mqtt_outdoor_voltage,4.082,2026-07-25T22:39:43.882Z
sensor.esp32_ot_mqtt_outdoor_voltage,4.096,2026-07-25T22:44:30.450Z
sensor.esp32_ot_mqtt_outdoor_voltage,4.086,2026-07-25T22:49:17.074Z
sensor.esp32_ot_mqtt_outdoor_voltage,4.094,2026-07-25T22:54:03.602Z
sensor.esp32_ot_mqtt_outdoor_voltage,4.098,2026-07-25T22:58:50.169Z
sensor.esp32_ot_mqtt_outdoor_voltage,4.088,2026-07-25T23:03:36.718Z
sensor.esp32_ot_mqtt_outdoor_voltage,4.086,2026-07-25T23:08:23.265Z
sensor.esp32_ot_mqtt_outdoor_voltage,4.092,2026-07-25T23:13:09.782Z
sensor.esp32_ot_mqtt_outdoor_voltage,4.09,2026-07-25T23:17:56.220Z
sensor.esp32_ot_mqtt_outdoor_voltage,4.098,2026-07-25T23:24:17.296Z
sensor.esp32_ot_mqtt_outdoor_voltage,4.088,2026-07-25T23:29:03.871Z
sensor.esp32_ot_mqtt_outdoor_voltage,4.096,2026-07-25T23:33:50.478Z
sensor.esp32_ot_mqtt_outdoor_voltage,4.094,2026-07-25T23:38:37.060Z
sensor.esp32_ot_mqtt_outdoor_voltage,4.088,2026-07-25T23:43:23.659Z
sensor.esp32_ot_mqtt_outdoor_voltage,4.09,2026-07-25T23:48:10.209Z
sensor.esp32_ot_mqtt_outdoor_voltage,4.096,2026-07-25T23:52:56.776Z
sensor.esp32_ot_mqtt_outdoor_voltage,4.092,2026-07-25T23:57:43.254Z
sensor.esp32_ot_mqtt_outdoor_voltage,4.09,2026-07-26T00:02:29.763Z
sensor.esp32_ot_mqtt_outdoor_voltage,4.084,2026-07-26T00:07:16.331Z
sensor.esp32_ot_mqtt_outdoor_voltage,4.092,2026-07-26T00:12:02.874Z
sensor.esp32_ot_mqtt_outdoor_voltage,4.1,2026-07-26T00:17:09.189Z
sensor.esp32_ot_mqtt_outdoor_voltage,4.094,2026-07-26T00:21:56.101Z
sensor.esp32_ot_mqtt_outdoor_voltage,4.088,2026-07-26T00:26:42.725Z
sensor.esp32_ot_mqtt_outdoor_voltage,4.094,2026-07-26T00:29:53.773Z
sensor.esp32_ot_mqtt_outdoor_voltage,4.088,2026-07-26T00:34:40.895Z
sensor.esp32_ot_mqtt_outdoor_voltage,4.098,2026-07-26T00:39:27.069Z
sensor.esp32_ot_mqtt_outdoor_voltage,4.102,2026-07-26T00:44:13.730Z
sensor.esp32_ot_mqtt_outdoor_voltage,4.088,2026-07-26T00:49:00.349Z
sensor.esp32_ot_mqtt_outdoor_voltage,4.092,2026-07-26T00:53:46.947Z
sensor.esp32_ot_mqtt_outdoor_voltage,4.098,2026-07-26T00:58:33.557Z
sensor.esp32_ot_mqtt_outdoor_voltage,4.092,2026-07-26T01:03:20.180Z
sensor.esp32_ot_mqtt_outdoor_voltage,4.094,2026-07-26T01:08:06.782Z
sensor.esp32_ot_mqtt_outdoor_voltage,4.104,2026-07-26T01:12:53.425Z
sensor.esp32_ot_mqtt_outdoor_voltage,4.098,2026-07-26T01:14:27.886Z
sensor.esp32_ot_mqtt_outdoor_voltage,4.092,2026-07-26T01:14:46.991Z
sensor.esp32_ot_mqtt_outdoor_voltage,4.084,2026-07-26T01:21:28.290Z
sensor.esp32_ot_mqtt_outdoor_voltage,4.086,2026-07-26T01:26:14.974Z
sensor.esp32_ot_mqtt_outdoor_voltage,4.092,2026-07-26T01:35:48.321Z
sensor.esp32_ot_mqtt_outdoor_voltage,4.09,2026-07-26T01:40:35.021Z
sensor.esp32_ot_mqtt_outdoor_voltage,4.1,2026-07-26T01:45:21.751Z
sensor.esp32_ot_mqtt_outdoor_voltage,4.088,2026-07-26T01:48:13.816Z
sensor.esp32_ot_mqtt_outdoor_voltage,4.09,2026-07-26T01:53:00.624Z
sensor.esp32_ot_mqtt_outdoor_voltage,4.096,2026-07-26T01:57:47.439Z
sensor.esp32_ot_mqtt_outdoor_voltage,4.1,2026-07-26T02:01:36.929Z
sensor.esp32_ot_mqtt_outdoor_voltage,4.096,2026-07-26T02:04:09.930Z
sensor.esp32_ot_mqtt_outdoor_voltage,4.094,2026-07-26T02:07:21.272Z
sensor.esp32_ot_mqtt_outdoor_voltage,4.084,2026-07-26T02:12:08.294Z
sensor.esp32_ot_mqtt_outdoor_voltage,4.092,2026-07-26T02:12:27.441Z
sensor.esp32_ot_mqtt_outdoor_voltage,4.09,2026-07-26T02:12:46.606Z
sensor.esp32_ot_mqtt_outdoor_voltage,4.084,2026-07-26T02:13:43.654Z
sensor.esp32_ot_mqtt_outdoor_voltage,4.096,2026-07-26T02:16:17.123Z
sensor.esp32_ot_mqtt_outdoor_voltage,4.092,2026-07-26T02:17:52.832Z
sensor.esp32_ot_mqtt_outdoor_voltage,4.094,2026-07-26T02:18:31.105Z
sensor.esp32_ot_mqtt_outdoor_voltage,4.09,2026-07-26T02:23:18.214Z
sensor.esp32_ot_mqtt_outdoor_voltage,4.1,2026-07-26T02:28:05.206Z
sensor.esp32_ot_mqtt_outdoor_voltage,4.092,2026-07-26T02:32:52.279Z
sensor.esp32_ot_mqtt_outdoor_voltage,4.094,2026-07-26T02:34:27.976Z
sensor.esp32_ot_mqtt_outdoor_voltage,4.1,2026-07-26T02:36:41.978Z
sensor.esp32_ot_mqtt_outdoor_voltage,4.086,2026-07-26T02:37:58.546Z
sensor.esp32_ot_mqtt_outdoor_voltage,4.092,2026-07-26T02:38:17.677Z
sensor.esp32_ot_mqtt_outdoor_voltage,4.086,2026-07-26T02:40:12.513Z
sensor.esp32_ot_mqtt_outdoor_voltage,4.098,2026-07-26T02:40:50.414Z
sensor.esp32_ot_mqtt_outdoor_voltage,4.096,2026-07-26T02:41:28.719Z
sensor.esp32_ot_mqtt_outdoor_voltage,4.092,2026-07-26T02:45:37.946Z
sensor.esp32_ot_mqtt_outdoor_voltage,4.08,2026-07-26T02:47:32.821Z
sensor.esp32_ot_mqtt_outdoor_voltage,4.096,2026-07-26T02:50:44.312Z
sensor.esp32_ot_mqtt_outdoor_voltage,4.092,2026-07-26T02:56:48.193Z
sensor.esp32_ot_mqtt_outdoor_voltage,4.088,2026-07-26T02:59:21.426Z
sensor.esp32_ot_mqtt_outdoor_voltage,4.086,2026-07-26T03:04:08.766Z
sensor.esp32_ot_mqtt_outdoor_voltage,4.098,2026-07-26T03:07:20.305Z
sensor.esp32_ot_mqtt_outdoor_voltage,4.096,2026-07-26T03:12:07.740Z
sensor.esp32_ot_mqtt_outdoor_voltage,4.092,2026-07-26T03:16:16.845Z
sensor.esp32_ot_mqtt_outdoor_voltage,4.096,2026-07-26T03:18:49.750Z
sensor.esp32_ot_mqtt_outdoor_voltage,4.098,2026-07-26T03:20:06.884Z
sensor.esp32_ot_mqtt_outdoor_voltage,4.096,2026-07-26T03:23:37.756Z
sensor.esp32_ot_mqtt_outdoor_voltage,4.088,2026-07-26T03:24:35.297Z
sensor.esp32_ot_mqtt_outdoor_voltage,4.09,2026-07-26T03:29:22.869Z
sensor.esp32_ot_mqtt_outdoor_voltage,4.092,2026-07-26T03:37:41.216Z
sensor.esp32_ot_mqtt_outdoor_voltage,4.086,2026-07-26T03:38:19.201Z
sensor.esp32_ot_mqtt_outdoor_voltage,4.096,2026-07-26T03:41:50.457Z
sensor.esp32_ot_mqtt_outdoor_voltage,4.088,2026-07-26T03:42:47.957Z
sensor.esp32_ot_mqtt_outdoor_voltage,4.094,2026-07-26T03:47:35.526Z
sensor.esp32_ot_mqtt_outdoor_voltage,4.088,2026-07-26T03:52:23.138Z
sensor.esp32_ot_mqtt_outdoor_voltage,4.096,2026-07-26T03:57:10.825Z
sensor.esp32_ot_mqtt_outdoor_voltage,4.092,2026-07-26T04:03:53.495Z
sensor.esp32_ot_mqtt_outdoor_voltage,4.098,2026-07-26T04:06:26.898Z
sensor.esp32_ot_mqtt_outdoor_voltage,4.084,2026-07-26T04:07:43.767Z
sensor.esp32_ot_mqtt_outdoor_voltage,4.09,2026-07-26T04:10:55.425Z
sensor.esp32_ot_mqtt_outdoor_voltage,4.096,2026-07-26T04:14:26.322Z
sensor.esp32_ot_mqtt_outdoor_voltage,4.106,2026-07-26T04:15:04.677Z
sensor.esp32_ot_mqtt_outdoor_voltage,4.1,2026-07-26T04:16:21.396Z
sensor.esp32_ot_mqtt_outdoor_voltage,4.098,2026-07-26T04:17:57.264Z
sensor.esp32_ot_mqtt_outdoor_voltage,4.088,2026-07-26T04:19:52.284Z
sensor.esp32_ot_mqtt_outdoor_voltage,4.086,2026-07-26T04:20:30.618Z
sensor.esp32_ot_mqtt_outdoor_voltage,4.094,2026-07-26T04:22:06.497Z
sensor.esp32_ot_mqtt_outdoor_voltage,4.098,2026-07-26T04:23:03.997Z
sensor.esp32_ot_mqtt_outdoor_voltage,4.094,2026-07-26T04:25:18.203Z
sensor.esp32_ot_mqtt_outdoor_voltage,4.1,2026-07-26T04:27:51.585Z
sensor.esp32_ot_mqtt_outdoor_voltage,4.09,2026-07-26T04:31:41.676Z
sensor.esp32_ot_mqtt_outdoor_voltage,4.092,2026-07-26T04:32:19.666Z
sensor.esp32_ot_mqtt_outdoor_voltage,4.098,2026-07-26T04:34:15.113Z
sensor.esp32_ot_mqtt_outdoor_voltage,4.086,2026-07-26T04:36:29.323Z
sensor.esp32_ot_mqtt_outdoor_voltage,4.1,2026-07-26T04:37:07.696Z
sensor.esp32_ot_mqtt_outdoor_voltage,4.098,2026-07-26T04:38:04.861Z
sensor.esp32_ot_mqtt_outdoor_voltage,4.092,2026-07-26T04:42:14.544Z
sensor.esp32_ot_mqtt_outdoor_voltage,4.09,2026-07-26T04:43:12.032Z
sensor.esp32_ot_mqtt_outdoor_voltage,4.092,2026-07-26T04:43:50.381Z
sensor.esp32_ot_mqtt_outdoor_voltage,4.096,2026-07-26T04:46:04.594Z
sensor.esp32_ot_mqtt_outdoor_voltage,4.092,2026-07-26T04:46:23.405Z
sensor.esp32_ot_mqtt_outdoor_voltage,4.09,2026-07-26T04:47:40.500Z
sensor.esp32_ot_mqtt_outdoor_voltage,4.096,2026-07-26T04:48:18.479Z
sensor.esp32_ot_mqtt_outdoor_voltage,4.086,2026-07-26T04:49:35.218Z
sensor.esp32_ot_mqtt_outdoor_voltage,4.092,2026-07-26T04:50:52.313Z
sensor.esp32_ot_mqtt_outdoor_voltage,4.088,2026-07-26T04:53:44.561Z
sensor.esp32_ot_mqtt_outdoor_voltage,4.092,2026-07-26T04:55:40.018Z
sensor.esp32_ot_mqtt_outdoor_voltage,4.088,2026-07-26T04:57:15.561Z
sensor.esp32_ot_mqtt_outdoor_voltage,4.102,2026-07-26T04:57:34.756Z
sensor.esp32_ot_mqtt_outdoor_voltage,4.098,2026-07-26T04:57:53.970Z
sensor.esp32_ot_mqtt_outdoor_voltage,4.094,2026-07-26T04:58:13.150Z
sensor.esp32_ot_mqtt_outdoor_voltage,4.098,2026-07-26T04:59:10.708Z
sensor.esp32_ot_mqtt_outdoor_voltage,4.094,2026-07-26T05:00:27.797Z
sensor.esp32_ot_mqtt_outdoor_voltage,4.096,2026-07-26T05:01:24.964Z
sensor.esp32_ot_mqtt_outdoor_voltage,4.098,2026-07-26T05:09:05.538Z
sensor.esp32_ot_mqtt_outdoor_voltage,4.076,2026-07-26T05:10:41.361Z
sensor.esp32_ot_mqtt_outdoor_voltage,4.09,2026-07-26T05:13:14.727Z
sensor.esp32_ot_mqtt_outdoor_voltage,4.1,2026-07-26T05:13:33.532Z
sensor.esp32_ot_mqtt_outdoor_voltage,4.098,2026-07-26T05:13:52.747Z
sensor.esp32_ot_mqtt_outdoor_voltage,4.092,2026-07-26T05:14:31.107Z
sensor.esp32_ot_mqtt_outdoor_voltage,4.094,2026-07-26T05:15:09.481Z
sensor.esp32_ot_mqtt_outdoor_voltage,4.09,2026-07-26T05:15:47.853Z
sensor.esp32_ot_mqtt_outdoor_voltage,4.092,2026-07-26T05:17:24.133Z
sensor.esp32_ot_mqtt_outdoor_voltage,4.096,2026-07-26T05:22:30.996Z
sensor.esp32_ot_mqtt_outdoor_voltage,4.09,2026-07-26T05:24:45.228Z
sensor.esp32_ot_mqtt_outdoor_voltage,4.094,2026-07-26T05:25:23.215Z
sensor.esp32_ot_mqtt_outdoor_voltage,4.098,2026-07-26T05:25:42.418Z
sensor.esp32_ot_mqtt_outdoor_voltage,4.092,2026-07-26T05:26:01.598Z
sensor.esp32_ot_mqtt_outdoor_voltage,4.098,2026-07-26T05:27:57.056Z
sensor.esp32_ot_mqtt_outdoor_voltage,4.096,2026-07-26T05:28:35.421Z
sensor.esp32_ot_mqtt_outdoor_voltage,4.094,2026-07-26T05:28:54.221Z
sensor.esp32_ot_mqtt_outdoor_voltage,4.096,2026-07-26T05:29:51.784Z
sensor.esp32_ot_mqtt_outdoor_voltage,4.092,2026-07-26T05:31:46.422Z
sensor.esp32_ot_mqtt_outdoor_voltage,4.088,2026-07-26T05:33:23.162Z
sensor.esp32_ot_mqtt_outdoor_voltage,4.084,2026-07-26T05:38:10.810Z
sensor.esp32_ot_mqtt_outdoor_voltage,4.098,2026-07-26T05:39:08.338Z
sensor.esp32_ot_mqtt_outdoor_voltage,4.092,2026-07-26T05:39:27.154Z
sensor.esp32_ot_mqtt_outdoor_voltage,4.09,2026-07-26T05:41:03.454Z
sensor.esp32_ot_mqtt_outdoor_voltage,4.086,2026-07-26T05:41:41.453Z
sensor.esp32_ot_mqtt_outdoor_voltage,4.09,2026-07-26T05:43:17.377Z
sensor.esp32_ot_mqtt_outdoor_voltage,4.088,2026-07-26T05:45:12.851Z
sensor.esp32_ot_mqtt_outdoor_voltage,4.092,2026-07-26T05:46:48.788Z
sensor.esp32_ot_mqtt_outdoor_voltage,4.094,2026-07-26T05:47:07.616Z
sensor.esp32_ot_mqtt_outdoor_voltage,4.088,2026-07-26T05:49:02.837Z
sensor.esp32_ot_mqtt_outdoor_voltage,4.092,2026-07-26T05:50:00.393Z
sensor.esp32_ot_mqtt_outdoor_voltage,4.094,2026-07-26T05:52:14.816Z
sensor.esp32_ot_mqtt_outdoor_voltage,4.084,2026-07-26T05:52:34.024Z
sensor.esp32_ot_mqtt_outdoor_voltage,4.096,2026-07-26T05:53:12.442Z
sensor.esp32_ot_mqtt_outdoor_voltage,4.086,2026-07-26T05:55:46.067Z
sensor.esp32_ot_mqtt_outdoor_voltage,4.098,2026-07-26T05:57:03.230Z
sensor.esp32_ot_mqtt_outdoor_voltage,4.084,2026-07-26T05:58:00.463Z
sensor.esp32_ot_mqtt_outdoor_voltage,4.088,2026-07-26T05:58:38.865Z
sensor.esp32_ot_mqtt_outdoor_voltage,4.096,2026-07-26T05:58:58.081Z
sensor.esp32_ot_mqtt_outdoor_voltage,4.092,2026-07-26T06:01:51.266Z
sensor.esp32_ot_mqtt_outdoor_voltage,4.086,2026-07-26T06:02:10.105Z
sensor.esp32_ot_mqtt_outdoor_voltage,4.088,2026-07-26T06:04:05.711Z
sensor.esp32_ot_mqtt_outdoor_voltage,4.092,2026-07-26T06:04:24.550Z
sensor.esp32_ot_mqtt_outdoor_voltage,4.098,2026-07-26T06:05:02.970Z
sensor.esp32_ot_mqtt_outdoor_voltage,4.092,2026-07-26T06:06:00.292Z
sensor.esp32_ot_mqtt_outdoor_voltage,4.09,2026-07-26T06:06:38.933Z
sensor.esp32_ot_mqtt_outdoor_voltage,4.094,2026-07-26T06:06:58.111Z
sensor.esp32_ot_mqtt_outdoor_voltage,4.092,2026-07-26T06:08:15.133Z
sensor.esp32_ot_mqtt_outdoor_voltage,4.086,2026-07-26T06:08:34.362Z
sensor.esp32_ot_mqtt_outdoor_voltage,4.094,2026-07-26T06:09:12.796Z
sensor.esp32_ot_mqtt_outdoor_voltage,4.088,2026-07-26T06:09:51.234Z
sensor.esp32_ot_mqtt_outdoor_voltage,4.094,2026-07-26T06:11:27.636Z
sensor.esp32_ot_mqtt_outdoor_voltage,4.09,2026-07-26T06:13:03.333Z
sensor.esp32_ot_mqtt_outdoor_voltage,4.092,2026-07-26T06:13:41.762Z
sensor.esp32_ot_mqtt_outdoor_voltage,4.094,2026-07-26T06:14:39.415Z
sensor.esp32_ot_mqtt_outdoor_voltage,4.088,2026-07-26T06:15:56.249Z
sensor.esp32_ot_mqtt_outdoor_voltage,4.09,2026-07-26T06:16:34.693Z
sensor.esp32_ot_mqtt_outdoor_voltage,4.088,2026-07-26T06:17:32.363Z
sensor.esp32_ot_mqtt_outdoor_voltage,4.094,2026-07-26T06:18:30.385Z
sensor.esp32_ot_mqtt_outdoor_voltage,4.092,2026-07-26T06:22:20.906Z
sensor.esp32_ot_mqtt_outdoor_voltage,4.096,2026-07-26T06:23:18.165Z
sensor.esp32_ot_mqtt_outdoor_voltage,4.09,2026-07-26T06:23:56.614Z
sensor.esp32_ot_mqtt_outdoor_voltage,4.088,2026-07-26T06:24:54.232Z
sensor.esp32_ot_mqtt_outdoor_voltage,4.09,2026-07-26T06:25:32.652Z
sensor.esp32_ot_mqtt_outdoor_voltage,4.092,2026-07-26T06:26:11.090Z
sensor.esp32_ot_mqtt_outdoor_voltage,4.088,2026-07-26T06:30:59.661Z
sensor.esp32_ot_mqtt_outdoor_voltage,4.096,2026-07-26T06:32:16.520Z
sensor.esp32_ot_mqtt_outdoor_voltage,4.092,2026-07-26T06:33:13.798Z
sensor.esp32_ot_mqtt_outdoor_voltage,4.094,2026-07-26T06:33:52.272Z
sensor.esp32_ot_mqtt_outdoor_voltage,4.084,2026-07-26T06:34:11.843Z
sensor.esp32_ot_mqtt_outdoor_voltage,4.09,2026-07-26T06:36:07.142Z
sensor.esp32_ot_mqtt_outdoor_voltage,4.094,2026-07-26T06:36:25.996Z
sensor.esp32_ot_mqtt_outdoor_voltage,4.09,2026-07-26T06:36:45.229Z
sensor.esp32_ot_mqtt_outdoor_voltage,4.098,2026-07-26T06:37:42.908Z
sensor.esp32_ot_mqtt_outdoor_voltage,4.094,2026-07-26T06:40:36.361Z
sensor.esp32_ot_mqtt_outdoor_voltage,4.092,2026-07-26T06:42:50.741Z
sensor.esp32_ot_mqtt_outdoor_voltage,4.094,2026-07-26T06:43:29.193Z
sensor.esp32_ot_mqtt_outdoor_voltage,4.088,2026-07-26T06:43:48.397Z
sensor.esp32_ot_mqtt_outdoor_voltage,4.09,2026-07-26T06:45:43.793Z
sensor.esp32_ot_mqtt_outdoor_voltage,4.098,2026-07-26T06:47:19.862Z
sensor.esp32_ot_mqtt_outdoor_voltage,4.092,2026-07-26T06:47:38.706Z
sensor.esp32_ot_mqtt_outdoor_voltage,4.094,2026-07-26T06:49:34.342Z
sensor.esp32_ot_mqtt_outdoor_voltage,4.086,2026-07-26T06:54:03.261Z
sensor.esp32_ot_mqtt_outdoor_voltage,4.09,2026-07-26T06:55:00.627Z
sensor.esp32_ot_mqtt_outdoor_voltage,4.094,2026-07-26T06:55:19.753Z
sensor.esp32_ot_mqtt_outdoor_voltage,4.096,2026-07-26T07:00:08.207Z
sensor.esp32_ot_mqtt_outdoor_voltage,4.088,2026-07-26T07:00:27.395Z
sensor.esp32_ot_mqtt_outdoor_voltage,4.094,2026-07-26T07:01:05.811Z
sensor.esp32_ot_mqtt_outdoor_voltage,4.078,2026-07-26T07:01:24.660Z
sensor.esp32_ot_mqtt_outdoor_voltage,4.088,2026-07-26T07:02:41.853Z
sensor.esp32_ot_mqtt_outdoor_voltage,4.086,2026-07-26T07:03:20.028Z
sensor.esp32_ot_mqtt_outdoor_voltage,4.094,2026-07-26T07:06:51.675Z
sensor.esp32_ot_mqtt_outdoor_voltage,4.09,2026-07-26T07:09:25.224Z
sensor.esp32_ot_mqtt_outdoor_voltage,4.088,2026-07-26T07:09:44.065Z
sensor.esp32_ot_mqtt_outdoor_voltage,4.096,2026-07-26T07:10:22.493Z
sensor.esp32_ot_mqtt_outdoor_voltage,4.092,2026-07-26T07:11:00.920Z
sensor.esp32_ot_mqtt_outdoor_voltage,4.094,2026-07-26T07:11:20.140Z
sensor.esp32_ot_mqtt_outdoor_voltage,4.092,2026-07-26T07:11:58.666Z
sensor.esp32_ot_mqtt_outdoor_voltage,4.096,2026-07-26T07:15:10.947Z
sensor.esp32_ot_mqtt_outdoor_voltage,4.092,2026-07-26T07:15:29.782Z
sensor.esp32_ot_mqtt_outdoor_voltage,4.094,2026-07-26T07:18:03.855Z
sensor.esp32_ot_mqtt_outdoor_voltage,4.092,2026-07-26T07:18:23.054Z
sensor.esp32_ot_mqtt_outdoor_voltage,4.09,2026-07-26T07:19:59.094Z
sensor.esp32_ot_mqtt_outdoor_voltage,4.088,2026-07-26T07:20:18.317Z
sensor.esp32_ot_mqtt_outdoor_voltage,4.09,2026-07-26T07:22:13.531Z
sensor.esp32_ot_mqtt_outdoor_voltage,4.092,2026-07-26T07:22:32.384Z
sensor.esp32_ot_mqtt_outdoor_voltage,4.094,2026-07-26T07:27:20.781Z
sensor.esp32_ot_mqtt_outdoor_voltage,4.096,2026-07-26T07:32:08.760Z
sensor.esp32_ot_mqtt_outdoor_voltage,4.094,2026-07-26T07:34:42.378Z
sensor.esp32_ot_mqtt_outdoor_voltage,4.09,2026-07-26T07:35:01.200Z
sensor.esp32_ot_mqtt_outdoor_voltage,4.102,2026-07-26T07:37:54.353Z
sensor.esp32_ot_mqtt_outdoor_voltage,4.092,2026-07-26T07:38:13.559Z
sensor.esp32_ot_mqtt_outdoor_voltage,4.09,2026-07-26T07:38:32.411Z
sensor.esp32_ot_mqtt_outdoor_voltage,4.092,2026-07-26T07:39:10.834Z
sensor.esp32_ot_mqtt_outdoor_voltage,4.096,2026-07-26T07:40:28.041Z
sensor.esp32_ot_mqtt_outdoor_voltage,4.088,2026-07-26T07:41:44.832Z
sensor.esp32_ot_mqtt_outdoor_voltage,4.092,2026-07-26T07:43:20.859Z
sensor.esp32_ot_mqtt_outdoor_voltage,4.086,2026-07-26T07:44:18.486Z
sensor.esp32_ot_mqtt_outdoor_voltage,4.09,2026-07-26T07:44:37.333Z
sensor.esp32_ot_mqtt_outdoor_voltage,4.092,2026-07-26T07:45:54.605Z
sensor.esp32_ot_mqtt_outdoor_voltage,4.088,2026-07-26T07:46:32.655Z
sensor.esp32_ot_mqtt_outdoor_voltage,4.094,2026-07-26T07:48:47.552Z
sensor.esp32_ot_mqtt_outdoor_voltage,4.092,2026-07-26T07:49:06.776Z
sensor.esp32_ot_mqtt_outdoor_voltage,4.094,2026-07-26T07:53:54.946Z
sensor.esp32_ot_mqtt_outdoor_voltage,4.09,2026-07-26T07:54:14.148Z
sensor.esp32_ot_mqtt_outdoor_voltage,4.094,2026-07-26T07:54:52.592Z
sensor.esp32_ot_mqtt_outdoor_voltage,4.086,2026-07-26T07:55:30.673Z
sensor.esp32_ot_mqtt_outdoor_voltage,4.092,2026-07-26T07:55:49.909Z
sensor.esp32_ot_mqtt_outdoor_voltage,4.098,2026-07-26T07:56:47.638Z
sensor.esp32_ot_mqtt_outdoor_voltage,4.09,2026-07-26T07:57:45.298Z
sensor.esp32_ot_mqtt_outdoor_voltage,4.092,2026-07-26T07:58:24.123Z
sensor.esp32_ot_mqtt_outdoor_voltage,4.094,2026-07-26T07:59:21.440Z
sensor.esp32_ot_mqtt_outdoor_voltage,4.096,2026-07-26T08:02:34.035Z
sensor.esp32_ot_mqtt_outdoor_voltage,4.084,2026-07-26T08:03:12.118Z
sensor.esp32_ot_mqtt_outdoor_voltage,4.09,2026-07-26T08:04:09.810Z
sensor.esp32_ot_mqtt_outdoor_voltage,4.094,2026-07-26T08:05:46.286Z
sensor.esp32_ot_mqtt_outdoor_voltage,4.09,2026-07-26T08:07:03.184Z
sensor.esp32_ot_mqtt_outdoor_voltage,4.098,2026-07-26T08:08:20.049Z
sensor.esp32_ot_mqtt_outdoor_voltage,4.084,2026-07-26T08:10:34.201Z
sensor.esp32_ot_mqtt_outdoor_voltage,4.094,2026-07-26T08:12:10.642Z
sensor.esp32_ot_mqtt_outdoor_voltage,4.088,2026-07-26T08:12:29.863Z
sensor.esp32_ot_mqtt_outdoor_voltage,4.094,2026-07-26T08:12:48.725Z
sensor.esp32_ot_mqtt_outdoor_voltage,4.098,2026-07-26T08:15:42.011Z
sensor.esp32_ot_mqtt_outdoor_voltage,4.09,2026-07-26T08:16:20.062Z
sensor.esp32_ot_mqtt_outdoor_voltage,4.088,2026-07-26T08:17:37.283Z
sensor.esp32_ot_mqtt_outdoor_voltage,4.092,2026-07-26T08:18:34.537Z
sensor.esp32_ot_mqtt_outdoor_voltage,4.094,2026-07-26T08:20:30.193Z
sensor.esp32_ot_mqtt_outdoor_voltage,4.09,2026-07-26T08:20:49.029Z
sensor.esp32_ot_mqtt_outdoor_voltage,4.092,2026-07-26T08:21:27.476Z
sensor.esp32_ot_mqtt_outdoor_voltage,4.096,2026-07-26T08:21:46.714Z
sensor.esp32_ot_mqtt_outdoor_voltage,4.092,2026-07-26T08:22:25.128Z
sensor.esp32_ot_mqtt_outdoor_voltage,4.098,2026-07-26T08:22:44.351Z
sensor.esp32_ot_mqtt_outdoor_voltage,4.092,2026-07-26T08:23:03.570Z
sensor.esp32_ot_mqtt_outdoor_voltage,4.086,2026-07-26T08:23:42.015Z
sensor.esp32_ot_mqtt_outdoor_voltage,4.092,2026-07-26T08:24:20.478Z
sensor.esp32_ot_mqtt_outdoor_voltage,4.094,2026-07-26T08:25:18.129Z
sensor.esp32_ot_mqtt_outdoor_voltage,4.092,2026-07-26T08:25:37.723Z
sensor.esp32_ot_mqtt_outdoor_voltage,4.094,2026-07-26T08:26:15.811Z
sensor.esp32_ot_mqtt_outdoor_voltage,4.088,2026-07-26T08:27:52.267Z
sensor.esp32_ot_mqtt_outdoor_voltage,4.092,2026-07-26T08:28:11.484Z
sensor.esp32_ot_mqtt_outdoor_voltage,4.098,2026-07-26T08:29:27.996Z
sensor.esp32_ot_mqtt_outdoor_voltage,4.094,2026-07-26T08:30:06.437Z
sensor.esp32_ot_mqtt_outdoor_voltage,4.092,2026-07-26T08:32:01.334Z
sensor.esp32_ot_mqtt_outdoor_voltage,4.1,2026-07-26T08:32:40.262Z
sensor.esp32_ot_mqtt_outdoor_voltage,4.094,2026-07-26T08:32:59.864Z
sensor.esp32_ot_mqtt_outdoor_voltage,4.092,2026-07-26T08:33:18.730Z
sensor.esp32_ot_mqtt_outdoor_voltage,4.094,2026-07-26T08:33:37.968Z
sensor.esp32_ot_mqtt_outdoor_voltage,4.092,2026-07-26T08:35:33.318Z
sensor.esp32_ot_mqtt_outdoor_voltage,4.094,2026-07-26T08:35:52.550Z
sensor.esp32_ot_mqtt_outdoor_voltage,4.092,2026-07-26T08:36:11.787Z
sensor.esp32_ot_mqtt_outdoor_voltage,4.086,2026-07-26T08:37:48.267Z
sensor.esp32_ot_mqtt_outdoor_voltage,4.088,2026-07-26T08:38:26.713Z
sensor.esp32_ot_mqtt_outdoor_voltage,4.094,2026-07-26T08:39:04.810Z
sensor.esp32_ot_mqtt_outdoor_voltage,4.092,2026-07-26T08:39:24.058Z
sensor.esp32_ot_mqtt_outdoor_voltage,4.094,2026-07-26T08:39:43.301Z
sensor.esp32_ot_mqtt_outdoor_voltage,4.088,2026-07-26T08:40:21.786Z
sensor.esp32_ot_mqtt_outdoor_voltage,4.09,2026-07-26T08:42:17.199Z
sensor.esp32_ot_mqtt_outdoor_voltage,4.096,2026-07-26T08:42:36.001Z
sensor.esp32_ot_mqtt_outdoor_voltage,4.092,2026-07-26T08:43:34.565Z
sensor.esp32_ot_mqtt_outdoor_voltage,4.09,2026-07-26T08:44:31.935Z
sensor.esp32_ot_mqtt_outdoor_voltage,4.096,2026-07-26T08:45:10.449Z
sensor.esp32_ot_mqtt_outdoor_voltage,4.09,2026-07-26T08:45:48.958Z
sensor.esp32_ot_mqtt_outdoor_voltage,4.094,2026-07-26T08:46:08.216Z
sensor.esp32_ot_mqtt_outdoor_voltage,4.09,2026-07-26T08:47:24.837Z
sensor.esp32_ot_mqtt_outdoor_voltage,4.086,2026-07-26T08:47:44.930Z
sensor.esp32_ot_mqtt_outdoor_voltage,4.098,2026-07-26T08:48:04.035Z
sensor.esp32_ot_mqtt_outdoor_voltage,4.096,2026-07-26T08:48:23.403Z
sensor.esp32_ot_mqtt_outdoor_voltage,4.094,2026-07-26T08:49:21.325Z
sensor.esp32_ot_mqtt_outdoor_voltage,4.09,2026-07-26T08:50:18.749Z
sensor.esp32_ot_mqtt_outdoor_voltage,4.096,2026-07-26T08:50:57.284Z
sensor.esp32_ot_mqtt_outdoor_voltage,4.092,2026-07-26T08:51:55.429Z
sensor.esp32_ot_mqtt_outdoor_voltage,4.094,2026-07-26T08:52:14.329Z
sensor.esp32_ot_mqtt_outdoor_voltage,4.092,2026-07-26T08:52:33.603Z
sensor.esp32_ot_mqtt_outdoor_voltage,4.098,2026-07-26T08:53:12.515Z
sensor.esp32_ot_mqtt_outdoor_voltage,4.092,2026-07-26T08:53:31.426Z
sensor.esp32_ot_mqtt_outdoor_voltage,4.086,2026-07-26T08:54:09.955Z
sensor.esp32_ot_mqtt_outdoor_voltage,4.096,2026-07-26T08:54:48.476Z
sensor.esp32_ot_mqtt_outdoor_voltage,4.092,2026-07-26T08:55:07.760Z
sensor.esp32_ot_mqtt_outdoor_voltage,4.096,2026-07-26T08:56:05.590Z
sensor.esp32_ot_mqtt_outdoor_voltage,4.092,2026-07-26T08:56:44.155Z
sensor.esp32_ot_mqtt_outdoor_voltage,4.094,2026-07-26T08:57:42.000Z
sensor.esp32_ot_mqtt_outdoor_voltage,4.09,2026-07-26T08:58:01.286Z
sensor.esp32_ot_mqtt_outdoor_voltage,4.098,2026-07-26T08:58:20.949Z
sensor.esp32_ot_mqtt_outdoor_voltage,4.096,2026-07-26T08:58:39.873Z
sensor.esp32_ot_mqtt_outdoor_voltage,4.092,2026-07-26T09:00:16.711Z
sensor.esp32_ot_mqtt_outdoor_voltage,4.096,2026-07-26T09:01:14.228Z
sensor.esp32_ot_mqtt_outdoor_voltage,4.094,2026-07-26T09:04:46.949Z
sensor.esp32_ot_mqtt_outdoor_voltage,4.096,2026-07-26T09:06:23.499Z
sensor.esp32_ot_mqtt_outdoor_voltage,4.092,2026-07-26T09:07:59.714Z
sensor.esp32_ot_mqtt_outdoor_voltage,4.088,2026-07-26T09:08:19.046Z
sensor.esp32_ot_mqtt_outdoor_voltage,4.094,2026-07-26T09:08:38.376Z
sensor.esp32_ot_mqtt_outdoor_voltage,4.092,2026-07-26T09:09:36.589Z
sensor.esp32_ot_mqtt_outdoor_voltage,4.096,2026-07-26T09:09:55.707Z
sensor.esp32_ot_mqtt_outdoor_voltage,4.094,2026-07-26T09:10:34.386Z
sensor.esp32_ot_mqtt_outdoor_voltage,4.088,2026-07-26T09:11:13.446Z
sensor.esp32_ot_mqtt_outdoor_voltage,4.09,2026-07-26T09:11:32.422Z
sensor.esp32_ot_mqtt_outdoor_voltage,4.092,2026-07-26T09:11:51.867Z
sensor.esp32_ot_mqtt_outdoor_voltage,4.09,2026-07-26T09:13:09.535Z
sensor.esp32_ot_mqtt_outdoor_voltage,4.092,2026-07-26T09:13:28.518Z
sensor.esp32_ot_mqtt_outdoor_voltage,4.1,2026-07-26T09:14:26.579Z
sensor.esp32_ot_mqtt_outdoor_voltage,4.094,2026-07-26T09:14:45.947Z
sensor.esp32_ot_mqtt_outdoor_voltage,4.09,2026-07-26T09:16:03.717Z
sensor.esp32_ot_mqtt_outdoor_voltage,4.094,2026-07-26T09:16:23.053Z
sensor.esp32_ot_mqtt_outdoor_voltage,4.09,2026-07-26T09:16:42.047Z
sensor.esp32_ot_mqtt_outdoor_voltage,4.094,2026-07-26T09:17:01.425Z
sensor.esp32_ot_mqtt_outdoor_voltage,4.092,2026-07-26T09:18:19.228Z
sensor.esp32_ot_mqtt_outdoor_voltage,4.098,2026-07-26T09:20:54.147Z
sensor.esp32_ot_mqtt_outdoor_voltage,4.096,2026-07-26T09:21:13.539Z
sensor.esp32_ot_mqtt_outdoor_voltage,4.094,2026-07-26T09:21:32.908Z
sensor.esp32_ot_mqtt_outdoor_voltage,4.092,2026-07-26T09:21:51.918Z
sensor.esp32_ot_mqtt_outdoor_voltage,4.096,2026-07-26T09:22:11.299Z
sensor.esp32_ot_mqtt_outdoor_voltage,4.09,2026-07-26T09:22:50.063Z
sensor.esp32_ot_mqtt_outdoor_voltage,4.096,2026-07-26T09:23:48.205Z
sensor.esp32_ot_mqtt_outdoor_voltage,4.1,2026-07-26T09:24:26.973Z
sensor.esp32_ot_mqtt_outdoor_voltage,4.096,2026-07-26T09:25:25.123Z
sensor.esp32_ot_mqtt_outdoor_voltage,4.098,2026-07-26T09:25:44.517Z
sensor.esp32_ot_mqtt_outdoor_voltage,4.092,2026-07-26T09:26:03.911Z
sensor.esp32_ot_mqtt_outdoor_voltage,4.094,2026-07-26T09:26:23.304Z
sensor.esp32_ot_mqtt_outdoor_voltage,4.098,2026-07-26T09:29:17.849Z
sensor.esp32_ot_mqtt_outdoor_voltage,4.09,2026-07-26T09:29:37.256Z
sensor.esp32_ot_mqtt_outdoor_voltage,4.094,2026-07-26T09:29:56.655Z
sensor.esp32_ot_mqtt_outdoor_voltage,4.088,2026-07-26T09:33:29.980Z
sensor.esp32_ot_mqtt_outdoor_voltage,4.094,2026-07-26T09:33:49.397Z
sensor.esp32_ot_mqtt_outdoor_voltage,4.096,2026-07-26T09:34:47.622Z
sensor.esp32_ot_mqtt_outdoor_voltage,4.092,2026-07-26T09:35:07.020Z
sensor.esp32_ot_mqtt_outdoor_voltage,4.09,2026-07-26T09:35:26.441Z
sensor.esp32_ot_mqtt_outdoor_voltage,4.1,2026-07-26T09:36:44.420Z
sensor.esp32_ot_mqtt_outdoor_voltage,4.092,2026-07-26T09:37:42.286Z
sensor.esp32_ot_mqtt_outdoor_voltage,4.096,2026-07-26T09:39:58.453Z
sensor.esp32_ot_mqtt_outdoor_voltage,4.092,2026-07-26T09:40:36.899Z
sensor.esp32_ot_mqtt_outdoor_voltage,4.094,2026-07-26T09:41:15.722Z
sensor.esp32_ot_mqtt_outdoor_voltage,4.088,2026-07-26T09:41:54.548Z
sensor.esp32_ot_mqtt_outdoor_voltage,4.094,2026-07-26T09:42:33.360Z
sensor.esp32_ot_mqtt_outdoor_voltage,4.096,2026-07-26T09:42:53.147Z
sensor.esp32_ot_mqtt_outdoor_voltage,4.094,2026-07-26T09:43:31.592Z
sensor.esp32_ot_mqtt_outdoor_voltage,4.096,2026-07-26T09:44:10.420Z
sensor.esp32_ot_mqtt_outdoor_voltage,4.09,2026-07-26T09:44:29.848Z
sensor.esp32_ot_mqtt_outdoor_voltage,4.094,2026-07-26T09:44:49.260Z
sensor.esp32_ot_mqtt_outdoor_voltage,4.09,2026-07-26T09:45:08.685Z
sensor.esp32_ot_mqtt_outdoor_voltage,4.092,2026-07-26T09:46:26.694Z
sensor.esp32_ot_mqtt_outdoor_voltage,4.096,2026-07-26T09:47:05.153Z
sensor.esp32_ot_mqtt_outdoor_voltage,4.094,2026-07-26T09:47:24.930Z
sensor.esp32_ot_mqtt_outdoor_voltage,4.096,2026-07-26T09:48:42.537Z
sensor.esp32_ot_mqtt_outdoor_voltage,4.094,2026-07-26T09:49:01.550Z
sensor.esp32_ot_mqtt_outdoor_voltage,4.1,2026-07-26T09:52:34.984Z
sensor.esp32_ot_mqtt_outdoor_voltage,4.096,2026-07-26T09:53:13.808Z
sensor.esp32_ot_mqtt_outdoor_voltage,4.094,2026-07-26T09:54:31.821Z
sensor.esp32_ot_mqtt_outdoor_voltage,4.096,2026-07-26T09:55:10.627Z
sensor.esp32_ot_mqtt_outdoor_voltage,4.09,2026-07-26T09:55:29.667Z
sensor.esp32_ot_mqtt_outdoor_voltage,4.092,2026-07-26T09:56:27.897Z
sensor.esp32_ot_mqtt_outdoor_voltage,4.094,2026-07-26T09:57:06.719Z
sensor.esp32_ot_mqtt_outdoor_voltage,4.092,2026-07-26T09:59:03.234Z
sensor.esp32_ot_mqtt_outdoor_voltage,4.09,2026-07-26T09:59:42.069Z
sensor.esp32_ot_mqtt_outdoor_voltage,4.092,2026-07-26T10:00:40.677Z
sensor.esp32_ot_mqtt_outdoor_voltage,4.094,2026-07-26T10:01:58.328Z
sensor.esp32_ot_mqtt_outdoor_voltage,4.098,2026-07-26T10:02:17.375Z
sensor.esp32_ot_mqtt_outdoor_voltage,4.094,2026-07-26T10:03:15.587Z
sensor.esp32_ot_mqtt_outdoor_voltage,4.1,2026-07-26T10:03:54.451Z
sensor.esp32_ot_mqtt_outdoor_voltage,4.094,2026-07-26T10:04:13.980Z
sensor.esp32_ot_mqtt_outdoor_voltage,4.09,2026-07-26T10:04:33.305Z
sensor.esp32_ot_mqtt_outdoor_voltage,4.098,2026-07-26T10:05:12.143Z
sensor.esp32_ot_mqtt_outdoor_voltage,4.094,2026-07-26T10:05:31.941Z
sensor.esp32_ot_mqtt_outdoor_voltage,4.1,2026-07-26T10:06:29.831Z
sensor.esp32_ot_mqtt_outdoor_voltage,4.094,2026-07-26T10:07:08.662Z
sensor.esp32_ot_mqtt_outdoor_voltage,4.092,2026-07-26T10:08:45.754Z
sensor.esp32_ot_mqtt_outdoor_voltage,4.096,2026-07-26T10:09:24.498Z
sensor.esp32_ot_mqtt_outdoor_voltage,4.092,2026-07-26T10:10:42.634Z
sensor.esp32_ot_mqtt_outdoor_voltage,4.094,2026-07-26T10:11:59.928Z
sensor.esp32_ot_mqtt_outdoor_voltage,4.098,2026-07-26T10:12:38.770Z
sensor.esp32_ot_mqtt_outdoor_voltage,4.096,2026-07-26T10:13:17.597Z
sensor.esp32_ot_mqtt_outdoor_voltage,4.098,2026-07-26T10:14:15.805Z
sensor.esp32_ot_mqtt_outdoor_voltage,4.092,2026-07-26T10:15:14.004Z
sensor.esp32_ot_mqtt_outdoor_voltage,4.088,2026-07-26T10:16:32.004Z
sensor.esp32_ot_mqtt_outdoor_voltage,4.09,2026-07-26T10:17:10.460Z
sensor.esp32_ot_mqtt_outdoor_voltage,4.094,2026-07-26T10:18:08.669Z
sensor.esp32_ot_mqtt_outdoor_voltage,4.096,2026-07-26T10:19:08.914Z
sensor.esp32_ot_mqtt_outdoor_voltage,4.1,2026-07-26T10:19:45.711Z
sensor.esp32_ot_mqtt_outdoor_voltage,4.092,2026-07-26T10:20:05.123Z
sensor.esp32_ot_mqtt_outdoor_voltage,4.098,2026-07-26T10:21:03.365Z
sensor.esp32_ot_mqtt_outdoor_voltage,4.092,2026-07-26T10:21:22.776Z
sensor.esp32_ot_mqtt_outdoor_voltage,4.098,2026-07-26T10:21:42.187Z
sensor.esp32_ot_mqtt_outdoor_voltage,4.096,2026-07-26T10:22:01.971Z
sensor.esp32_ot_mqtt_outdoor_voltage,4.092,2026-07-26T10:22:21.382Z
sensor.esp32_ot_mqtt_outdoor_voltage,4.1,2026-07-26T10:22:40.413Z
sensor.esp32_ot_mqtt_outdoor_voltage,4.092,2026-07-26T10:22:59.812Z
sensor.esp32_ot_mqtt_outdoor_voltage,4.094,2026-07-26T10:23:58.011Z
sensor.esp32_ot_mqtt_outdoor_voltage,4.098,2026-07-26T10:24:55.723Z
sensor.esp32_ot_mqtt_outdoor_voltage,4.096,2026-07-26T10:26:52.800Z
sensor.esp32_ot_mqtt_outdoor_voltage,4.094,2026-07-26T10:27:31.280Z
sensor.esp32_ot_mqtt_outdoor_voltage,4.09,2026-07-26T10:27:50.120Z
sensor.esp32_ot_mqtt_outdoor_voltage,4.1,2026-07-26T10:28:29.337Z
sensor.esp32_ot_mqtt_outdoor_voltage,4.098,2026-07-26T10:29:27.842Z
sensor.esp32_ot_mqtt_outdoor_voltage,4.094,2026-07-26T10:29:46.860Z
sensor.esp32_ot_mqtt_outdoor_voltage,4.098,2026-07-26T10:30:44.989Z
sensor.esp32_ot_mqtt_outdoor_voltage,4.096,2026-07-26T10:31:43.155Z
sensor.esp32_ot_mqtt_outdoor_voltage,4.094,2026-07-26T10:32:21.902Z
sensor.esp32_ot_mqtt_outdoor_voltage,4.096,2026-07-26T10:32:41.665Z
sensor.esp32_ot_mqtt_outdoor_voltage,4.092,2026-07-26T10:33:00.683Z
sensor.esp32_ot_mqtt_outdoor_voltage,4.1,2026-07-26T10:33:39.479Z
sensor.esp32_ot_mqtt_outdoor_voltage,4.094,2026-07-26T10:33:58.863Z
sensor.esp32_ot_mqtt_outdoor_voltage,4.096,2026-07-26T10:34:18.267Z
sensor.esp32_ot_mqtt_outdoor_voltage,4.092,2026-07-26T10:34:57.048Z
sensor.esp32_ot_mqtt_outdoor_voltage,4.09,2026-07-26T10:35:35.825Z
sensor.esp32_ot_mqtt_outdoor_voltage,4.098,2026-07-26T10:36:33.981Z
sensor.esp32_ot_mqtt_outdoor_voltage,4.094,2026-07-26T10:37:12.758Z
sensor.esp32_ot_mqtt_outdoor_voltage,4.096,2026-07-26T10:39:09.425Z
sensor.esp32_ot_mqtt_outdoor_voltage,4.094,2026-07-26T10:39:47.833Z
sensor.esp32_ot_mqtt_outdoor_voltage,4.088,2026-07-26T10:40:26.607Z
sensor.esp32_ot_mqtt_outdoor_voltage,4.098,2026-07-26T10:40:46.375Z
sensor.esp32_ot_mqtt_outdoor_voltage,4.09,2026-07-26T10:41:24.795Z
sensor.esp32_ot_mqtt_outdoor_voltage,4.092,2026-07-26T10:41:44.203Z
sensor.esp32_ot_mqtt_outdoor_voltage,4.094,2026-07-26T10:42:42.393Z
sensor.esp32_ot_mqtt_outdoor_voltage,4.092,2026-07-26T10:43:01.804Z
sensor.esp32_ot_mqtt_outdoor_voltage,4.09,2026-07-26T10:44:19.755Z
sensor.esp32_ot_mqtt_outdoor_voltage,4.092,2026-07-26T10:44:38.792Z
sensor.esp32_ot_mqtt_outdoor_voltage,4.09,2026-07-26T10:45:17.684Z
sensor.esp32_ot_mqtt_outdoor_voltage,4.094,2026-07-26T10:46:15.815Z
sensor.esp32_ot_mqtt_outdoor_voltage,4.098,2026-07-26T10:47:33.786Z
sensor.esp32_ot_mqtt_outdoor_voltage,4.092,2026-07-26T10:47:52.824Z
sensor.esp32_ot_mqtt_outdoor_voltage,4.094,2026-07-26T10:50:47.813Z
sensor.esp32_ot_mqtt_outdoor_voltage,4.1,2026-07-26T10:51:06.856Z
sensor.esp32_ot_mqtt_outdoor_voltage,4.098,2026-07-26T10:54:01.781Z
sensor.esp32_ot_mqtt_outdoor_voltage,4.094,2026-07-26T10:54:59.579Z
sensor.esp32_ot_mqtt_outdoor_voltage,4.092,2026-07-26T10:55:18.985Z
sensor.esp32_ot_mqtt_outdoor_voltage,4.086,2026-07-26T10:55:38.394Z
sensor.esp32_ot_mqtt_outdoor_voltage,4.092,2026-07-26T10:57:15.751Z
sensor.esp32_ot_mqtt_outdoor_voltage,4.096,2026-07-26T10:58:33.327Z
sensor.esp32_ot_mqtt_outdoor_voltage,4.1,2026-07-26T10:59:50.945Z
sensor.esp32_ot_mqtt_outdoor_voltage,4.098,2026-07-26T11:00:10.336Z
sensor.esp32_ot_mqtt_outdoor_voltage,4.094,2026-07-26T11:00:29.388Z
sensor.esp32_ot_mqtt_outdoor_voltage,4.09,2026-07-26T11:00:49.178Z
sensor.esp32_ot_mqtt_outdoor_voltage,4.094,2026-07-26T11:01:27.640Z
sensor.esp32_ot_mqtt_outdoor_voltage,4.096,2026-07-26T11:03:24.464Z
sensor.esp32_ot_mqtt_outdoor_voltage,4.092,2026-07-26T11:04:02.913Z
sensor.esp32_ot_mqtt_outdoor_voltage,4.096,2026-07-26T11:04:22.329Z
sensor.esp32_ot_mqtt_outdoor_voltage,4.092,2026-07-26T11:04:41.745Z
sensor.esp32_ot_mqtt_outdoor_voltage,4.1,2026-07-26T11:05:01.167Z
sensor.esp32_ot_mqtt_outdoor_voltage,4.098,2026-07-26T11:05:40.002Z
sensor.esp32_ot_mqtt_outdoor_voltage,4.092,2026-07-26T11:05:59.791Z
sensor.esp32_ot_mqtt_outdoor_voltage,4.094,2026-07-26T11:08:15.660Z
sensor.esp32_ot_mqtt_outdoor_voltage,4.092,2026-07-26T11:10:50.927Z
sensor.esp32_ot_mqtt_outdoor_voltage,4.09,2026-07-26T11:11:10.354Z
sensor.esp32_ot_mqtt_outdoor_voltage,4.092,2026-07-26T11:12:27.978Z
sensor.esp32_ot_mqtt_outdoor_voltage,4.098,2026-07-26T11:12:47.028Z
sensor.esp32_ot_mqtt_outdoor_voltage,4.09,2026-07-26T11:13:06.456Z
sensor.esp32_ot_mqtt_outdoor_voltage,4.1,2026-07-26T11:13:25.873Z
sensor.esp32_ot_mqtt_outdoor_voltage,4.09,2026-07-26T11:16:01.512Z
sensor.esp32_ot_mqtt_outdoor_voltage,4.098,2026-07-26T11:16:59.755Z
sensor.esp32_ot_mqtt_outdoor_voltage,4.094,2026-07-26T11:17:57.619Z
sensor.esp32_ot_mqtt_outdoor_voltage,4.092,2026-07-26T11:20:32.882Z
sensor.esp32_ot_mqtt_outdoor_voltage,4.096,2026-07-26T11:22:10.315Z
sensor.esp32_ot_mqtt_outdoor_voltage,4.098,2026-07-26T11:23:08.539Z
sensor.esp32_ot_mqtt_outdoor_voltage,4.088,2026-07-26T11:24:26.169Z
sensor.esp32_ot_mqtt_outdoor_voltage,4.094,2026-07-26T11:24:45.214Z
sensor.esp32_ot_mqtt_outdoor_voltage,4.098,2026-07-26T11:25:43.447Z
sensor.esp32_ot_mqtt_outdoor_voltage,4.094,2026-07-26T11:29:36.609Z
sensor.esp32_ot_mqtt_outdoor_voltage,4.092,2026-07-26T11:29:55.648Z
sensor.esp32_ot_mqtt_outdoor_voltage,4.096,2026-07-26T11:30:53.876Z
sensor.esp32_ot_mqtt_outdoor_voltage,4.094,2026-07-26T11:31:32.706Z
sensor.esp32_ot_mqtt_outdoor_voltage,4.098,2026-07-26T11:31:52.119Z
sensor.esp32_ot_mqtt_outdoor_voltage,4.09,2026-07-26T11:32:11.530Z
sensor.esp32_ot_mqtt_outdoor_voltage,4.094,2026-07-26T11:32:30.958Z
sensor.esp32_ot_mqtt_outdoor_voltage,4.096,2026-07-26T11:33:48.953Z
sensor.esp32_ot_mqtt_outdoor_voltage,4.094,2026-07-26T11:35:45.340Z
sensor.esp32_ot_mqtt_outdoor_voltage,4.09,2026-07-26T11:36:43.138Z
sensor.esp32_ot_mqtt_outdoor_voltage,4.092,2026-07-26T11:37:02.543Z
sensor.esp32_ot_mqtt_outdoor_voltage,4.1,2026-07-26T11:37:21.949Z
sensor.esp32_ot_mqtt_outdoor_voltage,4.096,2026-07-26T11:38:39.898Z
sensor.esp32_ot_mqtt_outdoor_voltage,4.09,2026-07-26T11:38:58.927Z
sensor.esp32_ot_mqtt_outdoor_voltage,4.096,2026-07-26T11:39:18.715Z
sensor.esp32_ot_mqtt_outdoor_voltage,4.1,2026-07-26T11:40:36.287Z
sensor.esp32_ot_mqtt_outdoor_voltage,4.098,2026-07-26T11:41:15.066Z
sensor.esp32_ot_mqtt_outdoor_voltage,4.094,2026-07-26T11:41:53.476Z
sensor.esp32_ot_mqtt_outdoor_voltage,4.096,2026-07-26T11:43:49.839Z
sensor.esp32_ot_mqtt_outdoor_voltage,4.094,2026-07-26T11:44:09.618Z
sensor.esp32_ot_mqtt_outdoor_voltage,4.092,2026-07-26T11:45:07.424Z
sensor.esp32_ot_mqtt_outdoor_voltage,4.096,2026-07-26T11:46:25.353Z
sensor.esp32_ot_mqtt_outdoor_voltage,4.086,2026-07-26T11:46:44.383Z
sensor.esp32_ot_mqtt_outdoor_voltage,4.094,2026-07-26T11:47:23.163Z
sensor.esp32_ot_mqtt_outdoor_voltage,4.09,2026-07-26T11:47:42.566Z
sensor.esp32_ot_mqtt_outdoor_voltage,4.094,2026-07-26T11:48:01.972Z
sensor.esp32_ot_mqtt_outdoor_voltage,4.088,2026-07-26T11:48:21.370Z
sensor.esp32_ot_mqtt_outdoor_voltage,4.092,2026-07-26T11:49:00.159Z
sensor.esp32_ot_mqtt_outdoor_voltage,4.094,2026-07-26T11:49:19.930Z
sensor.esp32_ot_mqtt_outdoor_voltage,4.086,2026-07-26T11:50:17.726Z
sensor.esp32_ot_mqtt_outdoor_voltage,4.1,2026-07-26T11:50:37.116Z
sensor.esp32_ot_mqtt_outdoor_voltage,4.092,2026-07-26T11:50:56.504Z
sensor.esp32_ot_mqtt_outdoor_voltage,4.094,2026-07-26T11:52:14.407Z
sensor.esp32_ot_mqtt_outdoor_voltage,4.082,2026-07-26T11:53:31.579Z
sensor.esp32_ot_mqtt_outdoor_voltage,4.098,2026-07-26T11:54:10.380Z
sensor.esp32_ot_mqtt_outdoor_voltage,4.1,2026-07-26T11:54:49.121Z
sensor.esp32_ot_mqtt_outdoor_voltage,4.094,2026-07-26T11:55:47.263Z
sensor.esp32_ot_mqtt_outdoor_voltage,4.098,2026-07-26T11:56:26.035Z
sensor.esp32_ot_mqtt_outdoor_voltage,4.092,2026-07-26T11:57:24.167Z
sensor.esp32_ot_mqtt_outdoor_voltage,4.098,2026-07-26T11:58:03.026Z
sensor.esp32_ot_mqtt_outdoor_voltage,4.09,2026-07-26T11:59:01.059Z
sensor.esp32_ot_mqtt_outdoor_voltage,4.092,2026-07-26T12:01:17.079Z
sensor.esp32_ot_mqtt_outdoor_voltage,4.094,2026-07-26T12:03:12.977Z
sensor.esp32_ot_mqtt_outdoor_voltage,4.096,2026-07-26T12:03:32.359Z
sensor.esp32_ot_mqtt_outdoor_voltage,4.092,2026-07-26T12:03:51.742Z
sensor.esp32_ot_mqtt_outdoor_voltage,4.09,2026-07-26T12:04:30.520Z
sensor.esp32_ot_mqtt_outdoor_voltage,4.096,2026-07-26T12:04:49.995Z
sensor.esp32_ot_mqtt_outdoor_voltage,4.092,2026-07-26T12:05:09.291Z
sensor.esp32_ot_mqtt_outdoor_voltage,4.096,2026-07-26T12:05:28.678Z
sensor.esp32_ot_mqtt_outdoor_voltage,4.09,2026-07-26T12:05:48.081Z
sensor.esp32_ot_mqtt_outdoor_voltage,4.096,2026-07-26T12:06:07.538Z
sensor.esp32_ot_mqtt_outdoor_voltage,4.09,2026-07-26T12:06:46.207Z
sensor.esp32_ot_mqtt_outdoor_voltage,4.092,2026-07-26T12:07:05.589Z
sensor.esp32_ot_mqtt_outdoor_voltage,4.096,2026-07-26T12:07:24.961Z
sensor.esp32_ot_mqtt_outdoor_voltage,4.09,2026-07-26T12:08:03.720Z
sensor.esp32_ot_mqtt_outdoor_voltage,4.092,2026-07-26T12:08:23.103Z
sensor.esp32_ot_mqtt_outdoor_voltage,4.09,2026-07-26T12:08:42.477Z
sensor.esp32_ot_mqtt_outdoor_voltage,4.094,2026-07-26T12:09:40.597Z
sensor.esp32_ot_mqtt_outdoor_voltage,4.09,2026-07-26T12:10:19.709Z
sensor.esp32_ot_mqtt_outdoor_voltage,4.098,2026-07-26T12:11:17.444Z
sensor.esp32_ot_mqtt_outdoor_voltage,4.094,2026-07-26T12:11:37.188Z
sensor.esp32_ot_mqtt_outdoor_voltage,4.09,2026-07-26T12:11:56.203Z
sensor.esp32_ot_mqtt_outdoor_voltage,4.094,2026-07-26T12:12:34.917Z
sensor.esp32_ot_mqtt_outdoor_voltage,4.096,2026-07-26T12:13:13.654Z
sensor.esp32_ot_mqtt_outdoor_voltage,4.092,2026-07-26T12:13:52.766Z
sensor.esp32_ot_mqtt_outdoor_voltage,4.096,2026-07-26T12:15:29.286Z
sensor.esp32_ot_mqtt_outdoor_voltage,4.092,2026-07-26T12:15:48.671Z
sensor.esp32_ot_mqtt_outdoor_voltage,4.094,2026-07-26T12:16:27.426Z
sensor.esp32_ot_mqtt_outdoor_voltage,4.098,2026-07-26T12:19:02.417Z
sensor.esp32_ot_mqtt_outdoor_voltage,4.094,2026-07-26T12:20:20.270Z
sensor.esp32_ot_mqtt_outdoor_voltage,4.096,2026-07-26T12:21:56.740Z
sensor.esp32_ot_mqtt_outdoor_voltage,4.092,2026-07-26T12:22:16.112Z
sensor.esp32_ot_mqtt_outdoor_voltage,4.094,2026-07-26T12:22:35.507Z
sensor.esp32_ot_mqtt_outdoor_voltage,4.09,2026-07-26T12:23:14.620Z
sensor.esp32_ot_mqtt_outdoor_voltage,4.098,2026-07-26T12:24:12.364Z
sensor.esp32_ot_mqtt_outdoor_voltage,4.094,2026-07-26T12:24:51.106Z
sensor.esp32_ot_mqtt_outdoor_voltage,4.096,2026-07-26T12:27:06.657Z
sensor.esp32_ot_mqtt_outdoor_voltage,4.092,2026-07-26T12:27:45.403Z
sensor.esp32_ot_mqtt_outdoor_voltage,4.094,2026-07-26T12:28:04.776Z
sensor.esp32_ot_mqtt_outdoor_voltage,4.096,2026-07-26T12:33:53.573Z
sensor.esp32_ot_mqtt_outdoor_voltage,4.092,2026-07-26T12:34:12.918Z
sensor.esp32_ot_mqtt_outdoor_voltage,4.094,2026-07-26T12:36:09.051Z
sensor.esp32_ot_mqtt_outdoor_voltage,4.09,2026-07-26T12:36:47.396Z
sensor.esp32_ot_mqtt_outdoor_voltage,4.092,2026-07-26T12:37:06.774Z
sensor.esp32_ot_mqtt_outdoor_voltage,4.094,2026-07-26T12:38:43.967Z
sensor.esp32_ot_mqtt_outdoor_voltage,4.096,2026-07-26T12:39:02.960Z
sensor.esp32_ot_mqtt_outdoor_voltage,4.094,2026-07-26T12:39:22.321Z
sensor.esp32_ot_mqtt_outdoor_voltage,4.096,2026-07-26T12:40:39.779Z
sensor.esp32_ot_mqtt_outdoor_voltage,4.094,2026-07-26T12:43:53.627Z
sensor.esp32_ot_mqtt_outdoor_voltage,4.096,2026-07-26T12:45:11.036Z
sensor.esp32_ot_mqtt_outdoor_voltage,4.094,2026-07-26T12:47:26.096Z
sensor.esp32_ot_mqtt_outdoor_voltage,4.092,2026-07-26T12:49:41.882Z
sensor.esp32_ot_mqtt_outdoor_voltage,4.094,2026-07-26T12:51:37.940Z
sensor.esp32_ot_mqtt_outdoor_voltage,4.09,2026-07-26T12:52:54.951Z
sensor.esp32_ot_mqtt_outdoor_voltage,4.094,2026-07-26T12:53:33.652Z
sensor.esp32_ot_mqtt_outdoor_voltage,4.09,2026-07-26T12:56:47.485Z
sensor.esp32_ot_mqtt_outdoor_voltage,4.088,2026-07-26T12:58:04.845Z
sensor.esp32_ot_mqtt_outdoor_voltage,4.094,2026-07-26T12:58:43.530Z
sensor.esp32_ot_mqtt_outdoor_voltage,4.09,2026-07-26T13:00:20.218Z
sensor.esp32_ot_mqtt_outdoor_voltage,4.092,2026-07-26T13:01:37.203Z
sensor.esp32_ot_mqtt_outdoor_voltage,4.096,2026-07-26T13:02:15.892Z
sensor.esp32_ot_mqtt_outdoor_voltage,4.09,2026-07-26T13:02:35.597Z
sensor.esp32_ot_mqtt_outdoor_voltage,4.096,2026-07-26T13:03:13.907Z
sensor.esp32_ot_mqtt_outdoor_voltage,4.1,2026-07-26T13:03:33.244Z
sensor.esp32_ot_mqtt_outdoor_voltage,4.094,2026-07-26T13:04:11.906Z
sensor.esp32_ot_mqtt_outdoor_voltage,4.09,2026-07-26T13:05:09.898Z
sensor.esp32_ot_mqtt_outdoor_voltage,4.094,2026-07-26T13:06:07.890Z
sensor.esp32_ot_mqtt_outdoor_voltage,4.092,2026-07-26T13:06:46.542Z
sensor.esp32_ot_mqtt_outdoor_voltage,4.1,2026-07-26T13:07:25.201Z
sensor.esp32_ot_mqtt_outdoor_voltage,4.094,2026-07-26T13:07:44.895Z
sensor.esp32_ot_mqtt_outdoor_voltage,4.092,2026-07-26T13:08:03.847Z
sensor.esp32_ot_mqtt_outdoor_voltage,4.09,2026-07-26T13:09:01.811Z
sensor.esp32_ot_mqtt_outdoor_voltage,4.096,2026-07-26T13:09:59.766Z
sensor.esp32_ot_mqtt_outdoor_voltage,4.092,2026-07-26T13:10:19.093Z
sensor.esp32_ot_mqtt_outdoor_voltage,4.094,2026-07-26T13:10:57.730Z
sensor.esp32_ot_mqtt_outdoor_voltage,4.092,2026-07-26T13:11:55.665Z
sensor.esp32_ot_mqtt_outdoor_voltage,4.094,2026-07-26T13:13:51.900Z
sensor.esp32_ot_mqtt_outdoor_voltage,4.098,2026-07-26T13:14:30.139Z
sensor.esp32_ot_mqtt_outdoor_voltage,4.088,2026-07-26T13:14:49.455Z
sensor.esp32_ot_mqtt_outdoor_voltage,4.094,2026-07-26T13:15:08.772Z
sensor.esp32_ot_mqtt_outdoor_voltage,4.09,2026-07-26T13:16:26.358Z
sensor.esp32_ot_mqtt_outdoor_voltage,4.092,2026-07-26T13:17:04.951Z
sensor.esp32_ot_mqtt_outdoor_voltage,4.096,2026-07-26T13:17:42.725Z
sensor.esp32_ot_mqtt_outdoor_voltage,4.086,2026-07-26T13:18:02.489Z
sensor.esp32_ot_mqtt_outdoor_voltage,4.09,2026-07-26T13:19:39.286Z
sensor.esp32_ot_mqtt_outdoor_voltage,4.1,2026-07-26T13:20:17.854Z
sensor.esp32_ot_mqtt_outdoor_voltage,4.09,2026-07-26T13:20:56.052Z
sensor.esp32_ot_mqtt_outdoor_voltage,4.092,2026-07-26T13:21:53.903Z
sensor.esp32_ot_mqtt_outdoor_voltage,4.088,2026-07-26T13:22:13.565Z
sensor.esp32_ot_mqtt_outdoor_voltage,4.094,2026-07-26T13:22:51.768Z
sensor.esp32_ot_mqtt_outdoor_voltage,4.09,2026-07-26T13:23:30.370Z
sensor.esp32_ot_mqtt_outdoor_voltage,4.094,2026-07-26T13:24:28.184Z
sensor.esp32_ot_mqtt_outdoor_voltage,4.098,2026-07-26T13:26:04.916Z
sensor.esp32_ot_mqtt_outdoor_voltage,4.09,2026-07-26T13:26:24.192Z
sensor.esp32_ot_mqtt_outdoor_voltage,4.092,2026-07-26T13:27:02.368Z
sensor.esp32_ot_mqtt_outdoor_voltage,4.1,2026-07-26T13:28:19.862Z
sensor.esp32_ot_mqtt_outdoor_voltage,4.096,2026-07-26T13:29:56.205Z
sensor.esp32_ot_mqtt_outdoor_voltage,4.092,2026-07-26T13:30:15.102Z
sensor.esp32_ot_mqtt_outdoor_voltage,4.088,2026-07-26T13:31:32.560Z
sensor.esp32_ot_mqtt_outdoor_voltage,4.096,2026-07-26T13:32:11.106Z
sensor.esp32_ot_mqtt_outdoor_voltage,4.09,2026-07-26T13:34:45.245Z
sensor.esp32_ot_mqtt_outdoor_voltage,4.094,2026-07-26T13:35:43.029Z
sensor.esp32_ot_mqtt_outdoor_voltage,4.096,2026-07-26T13:36:01.947Z
sensor.esp32_ot_mqtt_outdoor_voltage,4.09,2026-07-26T13:37:38.656Z
sensor.esp32_ot_mqtt_outdoor_voltage,4.092,2026-07-26T13:37:58.034Z
sensor.esp32_ot_mqtt_outdoor_voltage,4.098,2026-07-26T13:38:36.116Z
sensor.esp32_ot_mqtt_outdoor_voltage,4.09,2026-07-26T13:38:55.390Z
sensor.esp32_ot_mqtt_outdoor_voltage,4.092,2026-07-26T13:42:27.663Z
sensor.esp32_ot_mqtt_outdoor_voltage,4.096,2026-07-26T13:44:03.939Z
sensor.esp32_ot_mqtt_outdoor_voltage,4.09,2026-07-26T13:44:42.451Z
sensor.esp32_ot_mqtt_outdoor_voltage,4.098,2026-07-26T13:45:20.610Z
sensor.esp32_ot_mqtt_outdoor_voltage,4.092,2026-07-26T13:47:16.520Z
sensor.esp32_ot_mqtt_outdoor_voltage,4.096,2026-07-26T13:47:35.408Z
sensor.esp32_ot_mqtt_outdoor_voltage,4.092,2026-07-26T13:48:13.953Z
sensor.esp32_ot_mqtt_outdoor_voltage,4.088,2026-07-26T13:51:07.564Z
sensor.esp32_ot_mqtt_outdoor_voltage,4.096,2026-07-26T13:51:45.686Z
sensor.esp32_ot_mqtt_outdoor_voltage,4.092,2026-07-26T13:54:39.221Z
sensor.esp32_ot_mqtt_outdoor_voltage,4.088,2026-07-26T13:55:36.558Z
sensor.esp32_ot_mqtt_outdoor_voltage,4.094,2026-07-26T13:58:10.805Z
sensor.esp32_ot_mqtt_outdoor_voltage,4.1,2026-07-26T14:01:23.109Z
sensor.esp32_ot_mqtt_outdoor_voltage,4.086,2026-07-26T14:02:40.005Z
sensor.esp32_ot_mqtt_outdoor_voltage,4.094,2026-07-26T14:03:37.317Z
sensor.esp32_ot_mqtt_outdoor_voltage,4.096,2026-07-26T14:04:54.583Z
sensor.esp32_ot_mqtt_outdoor_voltage,4.09,2026-07-26T14:06:49.924Z
sensor.esp32_ot_mqtt_outdoor_voltage,4.1,2026-07-26T14:09:23.664Z
sensor.esp32_ot_mqtt_outdoor_voltage,4.086,2026-07-26T14:10:40.516Z
sensor.esp32_ot_mqtt_outdoor_voltage,4.09,2026-07-26T14:11:18.590Z
sensor.esp32_ot_mqtt_outdoor_voltage,4.088,2026-07-26T14:14:50.366Z
sensor.esp32_ot_mqtt_outdoor_voltage,4.09,2026-07-26T14:18:02.522Z
sensor.esp32_ot_mqtt_outdoor_voltage,4.088,2026-07-26T14:21:14.773Z
sensor.esp32_ot_mqtt_outdoor_voltage,4.09,2026-07-26T14:21:33.989Z
sensor.esp32_ot_mqtt_outdoor_voltage,4.088,2026-07-26T14:22:50.889Z
sensor.esp32_ot_mqtt_outdoor_voltage,4.09,2026-07-26T14:24:27.018Z
sensor.esp32_ot_mqtt_outdoor_voltage,4.092,2026-07-26T14:24:45.880Z
sensor.esp32_ot_mqtt_outdoor_voltage,4.09,2026-07-26T14:25:05.121Z
sensor.esp32_ot_mqtt_outdoor_voltage,4.094,2026-07-26T14:26:41.667Z
sensor.esp32_ot_mqtt_outdoor_voltage,4.092,2026-07-26T14:27:58.557Z
sensor.esp32_ot_mqtt_outdoor_voltage,4.1,2026-07-26T14:29:34.681Z
sensor.esp32_ot_mqtt_outdoor_voltage,4.092,2026-07-26T14:30:32.000Z
sensor.esp32_ot_mqtt_outdoor_voltage,4.088,2026-07-26T14:31:49.286Z
sensor.esp32_ot_mqtt_outdoor_voltage,4.092,2026-07-26T14:32:08.176Z
sensor.esp32_ot_mqtt_outdoor_voltage,4.09,2026-07-26T14:36:37.591Z
sensor.esp32_ot_mqtt_outdoor_voltage,4.092,2026-07-26T14:41:06.604Z
sensor.esp32_ot_mqtt_outdoor_voltage,4.098,2026-07-26T14:42:03.887Z
sensor.esp32_ot_mqtt_outdoor_voltage,4.096,2026-07-26T14:42:42.689Z
sensor.esp32_ot_mqtt_outdoor_voltage,4.092,2026-07-26T14:45:54.870Z
sensor.esp32_ot_mqtt_outdoor_voltage,4.088,2026-07-26T14:50:43.125Z
sensor.esp32_ot_mqtt_outdoor_voltage,4.098,2026-07-26T14:55:31.250Z
sensor.esp32_ot_mqtt_outdoor_voltage,4.092,2026-07-26T14:56:09.698Z
sensor.esp32_ot_mqtt_outdoor_voltage,4.09,2026-07-26T14:56:28.535Z
sensor.esp32_ot_mqtt_outdoor_voltage,4.092,2026-07-26T15:01:17.076Z
sensor.esp32_ot_mqtt_outdoor_voltage,4.088,2026-07-26T15:04:09.929Z
sensor.esp32_ot_mqtt_outdoor_voltage,4.094,2026-07-26T15:06:24.382Z
sensor.esp32_ot_mqtt_outdoor_voltage,4.09,2026-07-26T15:10:53.330Z
sensor.esp32_ot_mqtt_outdoor_voltage,4.092,2026-07-26T15:11:12.535Z
sensor.esp32_ot_mqtt_outdoor_voltage,4.096,2026-07-26T15:18:53.497Z
sensor.esp32_ot_mqtt_outdoor_voltage,4.094,2026-07-26T15:21:27.071Z
sensor.esp32_ot_mqtt_outdoor_voltage,4.098,2026-07-26T15:23:03.055Z
sensor.esp32_ot_mqtt_outdoor_voltage,4.094,2026-07-26T15:24:58.229Z
sensor.esp32_ot_mqtt_outdoor_voltage,4.096,2026-07-26T15:28:48.538Z
sensor.esp32_ot_mqtt_outdoor_voltage,4.086,2026-07-26T15:30:05.349Z
sensor.esp32_ot_mqtt_outdoor_voltage,4.092,2026-07-26T15:30:24.581Z
sensor.esp32_ot_mqtt_outdoor_voltage,4.09,2026-07-26T15:32:00.574Z
sensor.esp32_ot_mqtt_outdoor_voltage,4.088,2026-07-26T15:32:38.625Z
sensor.esp32_ot_mqtt_outdoor_voltage,4.096,2026-07-26T15:37:26.935Z
sensor.esp32_ot_mqtt_outdoor_voltage,4.082,2026-07-26T15:40:38.810Z
sensor.esp32_ot_mqtt_outdoor_voltage,4.094,2026-07-26T15:41:36.023Z
sensor.esp32_ot_mqtt_outdoor_voltage,4.098,2026-07-26T15:44:29.152Z
sensor.esp32_ot_mqtt_outdoor_voltage,4.088,2026-07-26T15:49:16.960Z
sensor.esp32_ot_mqtt_outdoor_voltage,4.094,2026-07-26T15:54:04.777Z
sensor.esp32_ot_mqtt_outdoor_voltage,4.088,2026-07-26T15:56:38.244Z
sensor.esp32_ot_mqtt_outdoor_voltage,4.094,2026-07-26T15:58:33.376Z
sensor.esp32_ot_mqtt_outdoor_voltage,4.084,2026-07-26T15:59:50.337Z
sensor.esp32_ot_mqtt_outdoor_voltage,4.088,2026-07-26T16:04:37.814Z
sensor.esp32_ot_mqtt_outdoor_voltage,4.092,2026-07-26T16:08:08.832Z
sensor.esp32_ot_mqtt_outdoor_voltage,4.094,2026-07-26T16:12:56.516Z
sensor.esp32_ot_mqtt_outdoor_voltage,4.098,2026-07-26T16:17:44.127Z
sensor.esp32_ot_mqtt_outdoor_voltage,4.09,2026-07-26T16:22:31.777Z
sensor.esp32_ot_mqtt_outdoor_voltage,4.094,2026-07-26T16:23:48.455Z
sensor.esp32_ot_mqtt_outdoor_voltage,4.098,2026-07-26T16:24:07.640Z
sensor.esp32_ot_mqtt_outdoor_voltage,4.084,2026-07-26T16:28:55.262Z
sensor.esp32_ot_mqtt_outdoor_voltage,4.088,2026-07-26T16:33:42.829Z
sensor.esp32_ot_mqtt_outdoor_voltage,4.098,2026-07-26T16:38:30.392Z
sensor.esp32_ot_mqtt_outdoor_voltage,4.09,2026-07-26T16:43:17.939Z
sensor.esp32_ot_mqtt_outdoor_voltage,unavailable,2026-07-26T16:52:15.826Z
sensor.esp32_ot_mqtt_outdoor_voltage,4.082,2026-07-26T16:52:17.390Z
sensor.esp32_ot_mqtt_outdoor_voltage,4.092,2026-07-26T16:57:09.790Z
sensor.esp32_ot_mqtt_outdoor_voltage,4.088,2026-07-26T17:00:04.819Z
sensor.esp32_ot_mqtt_outdoor_voltage,4.092,2026-07-26T17:04:36.485Z
sensor.esp32_ot_mqtt_outdoor_voltage,4.09,2026-07-26T17:05:34.278Z
sensor.esp32_ot_mqtt_outdoor_voltage,4.088,2026-07-26T17:10:25.366Z
sensor.esp32_ot_mqtt_outdoor_voltage,4.096,2026-07-26T17:17:12.094Z
sensor.esp32_ot_mqtt_outdoor_voltage,4.092,2026-07-26T17:22:02.458Z
sensor.esp32_ot_mqtt_outdoor_voltage,4.088,2026-07-26T17:26:14.093Z
sensor.esp32_ot_mqtt_outdoor_voltage,4.092,2026-07-26T17:28:09.806Z
sensor.esp32_ot_mqtt_outdoor_voltage,4.088,2026-07-26T17:29:47.062Z
sensor.esp32_ot_mqtt_outdoor_voltage,4.09,2026-07-26T17:32:02.591Z
sensor.esp32_ot_mqtt_outdoor_voltage,4.094,2026-07-26T17:36:52.888Z
sensor.esp32_ot_mqtt_outdoor_voltage,4.074,2026-07-26T17:39:08.390Z
sensor.esp32_ot_mqtt_outdoor_voltage,4.092,2026-07-26T17:39:47.063Z
sensor.esp32_ot_mqtt_outdoor_voltage,4.088,2026-07-26T17:43:00.604Z
sensor.esp32_ot_mqtt_outdoor_voltage,4.094,2026-07-26T17:43:39.314Z
sensor.esp32_ot_mqtt_outdoor_voltage,4.092,2026-07-26T17:45:16.106Z
sensor.esp32_ot_mqtt_outdoor_voltage,4.098,2026-07-26T17:50:06.353Z
sensor.esp32_ot_mqtt_outdoor_voltage,4.09,2026-07-26T17:54:56.604Z
sensor.esp32_ot_mqtt_outdoor_voltage,4.096,2026-07-26T17:58:29.414Z
sensor.esp32_ot_mqtt_outdoor_voltage,4.092,2026-07-26T18:01:23.559Z
sensor.esp32_ot_mqtt_outdoor_voltage,4.088,2026-07-26T18:06:13.736Z
sensor.esp32_ot_mqtt_outdoor_voltage,4.09,2026-07-26T18:11:03.911Z
sensor.esp32_ot_mqtt_outdoor_voltage,4.086,2026-07-26T18:20:44.088Z
sensor.esp32_ot_mqtt_outdoor_voltage,4.094,2026-07-26T18:25:34.208Z
sensor.esp32_ot_mqtt_outdoor_voltage,4.088,2026-07-26T18:30:24.262Z
sensor.esp32_ot_mqtt_outdoor_voltage,4.09,2026-07-26T18:31:41.652Z
sensor.esp32_ot_mqtt_outdoor_voltage,4.08,2026-07-26T18:34:55.046Z
sensor.esp32_ot_mqtt_outdoor_voltage,4.086,2026-07-26T18:39:45.192Z
sensor.esp32_ot_mqtt_outdoor_voltage,4.094,2026-07-26T18:44:35.268Z
sensor.esp32_ot_mqtt_outdoor_voltage,4.09,2026-07-26T18:47:10.007Z
sensor.esp32_ot_mqtt_outdoor_voltage,4.096,2026-07-26T18:52:00.081Z
sensor.esp32_ot_mqtt_outdoor_voltage,4.082,2026-07-26T18:53:36.754Z
sensor.esp32_ot_mqtt_outdoor_voltage,4.09,2026-07-26T18:58:26.770Z
sensor.esp32_ot_mqtt_outdoor_voltage,4.092,2026-07-26T19:24:32.796Z
sensor.esp32_ot_mqtt_outdoor_voltage,4.09,2026-07-26T19:29:22.780Z
sensor.esp32_ot_mqtt_outdoor_voltage,4.076,2026-07-26T19:32:54.698Z
sensor.esp32_ot_mqtt_outdoor_voltage,4.086,2026-07-26T19:37:45.491Z
sensor.esp32_ot_mqtt_outdoor_voltage,4.082,2026-07-26T19:42:35.489Z
sensor.esp32_ot_mqtt_outdoor_voltage,4.094,2026-07-26T19:47:25.496Z
sensor.esp32_ot_mqtt_outdoor_voltage,4.09,2026-07-26T19:52:15.487Z
sensor.esp32_ot_mqtt_outdoor_voltage,4.084,2026-07-26T19:57:05.432Z
sensor.esp32_ot_mqtt_outdoor_voltage,4.09,2026-07-26T20:01:55.362Z
sensor.esp32_ot_mqtt_outdoor_voltage,4.092,2026-07-26T20:06:45.274Z
sensor.esp32_ot_mqtt_outdoor_voltage,4.076,2026-07-26T20:16:25.035Z
sensor.esp32_ot_mqtt_outdoor_voltage,4.09,2026-07-26T20:21:14.899Z
sensor.esp32_ot_mqtt_outdoor_voltage,4.092,2026-07-26T20:35:44.469Z
sensor.esp32_ot_mqtt_outdoor_voltage,4.078,2026-07-26T20:40:34.311Z
sensor.esp32_ot_mqtt_outdoor_voltage,4.088,2026-07-26T20:45:24.131Z
sensor.esp32_ot_mqtt_outdoor_voltage,4.08,2026-07-26T20:50:13.908Z
sensor.esp32_ot_mqtt_outdoor_voltage,4.09,2026-07-26T20:55:03.732Z
sensor.esp32_ot_mqtt_outdoor_voltage,4.084,2026-07-26T21:04:43.293Z
sensor.esp32_ot_mqtt_outdoor_voltage,4.092,2026-07-26T21:09:33.051Z
sensor.esp32_ot_mqtt_outdoor_voltage,4.076,2026-07-26T21:14:22.816Z
sensor.esp32_ot_mqtt_outdoor_voltage,4.094,2026-07-26T21:19:12.547Z
sensor.esp32_ot_mqtt_outdoor_voltage,4.088,2026-07-26T21:24:02.247Z
sensor.esp32_ot_mqtt_outdoor_voltage,4.09,2026-07-26T21:28:51.899Z
sensor.esp32_ot_mqtt_outdoor_voltage,4.088,2026-07-26T21:33:41.585Z
sensor.esp32_ot_mqtt_outdoor_voltage,4.08,2026-07-26T21:38:31.234Z
sensor.esp32_ot_mqtt_outdoor_voltage,4.094,2026-07-26T21:43:20.929Z
sensor.esp32_ot_mqtt_outdoor_voltage,4.092,2026-07-26T21:48:10.652Z
sensor.esp32_ot_mqtt_outdoor_voltage,4.08,2026-07-26T21:53:00.290Z
sensor.esp32_ot_mqtt_outdoor_voltage,4.094,2026-07-26T21:57:49.853Z
sensor.esp32_ot_mqtt_outdoor_voltage,4.082,2026-07-26T22:02:39.323Z
sensor.esp32_ot_mqtt_outdoor_voltage,4.092,2026-07-26T22:07:28.854Z
sensor.esp32_ot_mqtt_outdoor_voltage,4.084,2026-07-26T22:12:18.353Z
sensor.esp32_ot_mqtt_outdoor_voltage,4.098,2026-07-26T22:17:07.937Z
sensor.esp32_ot_mqtt_outdoor_voltage,4.086,2026-07-26T22:21:57.458Z
sensor.esp32_ot_mqtt_outdoor_voltage,4.088,2026-07-26T22:26:47.008Z
sensor.esp32_ot_mqtt_outdoor_voltage,4.084,2026-07-26T22:31:36.586Z
sensor.esp32_ot_mqtt_outdoor_voltage,4.094,2026-07-26T22:36:26.143Z
sensor.esp32_ot_mqtt_outdoor_voltage,4.082,2026-07-26T22:41:15.715Z
sensor.esp32_ot_mqtt_outdoor_voltage,4.096,2026-07-26T22:46:05.261Z
sensor.esp32_ot_mqtt_outdoor_voltage,4.086,2026-07-26T22:50:54.779Z
sensor.esp32_ot_mqtt_outdoor_voltage,4.094,2026-07-26T22:55:44.349Z
sensor.esp32_ot_mqtt_outdoor_voltage,4.088,2026-07-26T23:00:33.854Z
sensor.esp32_ot_mqtt_outdoor_voltage,4.086,2026-07-26T23:05:22.537Z
sensor.esp32_ot_mqtt_outdoor_voltage,4.082,2026-07-26T23:10:12.878Z
sensor.esp32_ot_mqtt_outdoor_voltage,4.088,2026-07-26T23:15:02.357Z
sensor.esp32_ot_mqtt_outdoor_voltage,4.09,2026-07-26T23:19:51.866Z
sensor.esp32_ot_mqtt_outdoor_voltage,4.094,2026-07-26T23:24:41.296Z
sensor.esp32_ot_mqtt_outdoor_voltage,4.088,2026-07-26T23:29:30.734Z
sensor.esp32_ot_mqtt_outdoor_voltage,4.092,2026-07-26T23:34:20.199Z
sensor.esp32_ot_mqtt_outdoor_voltage,4.084,2026-07-26T23:39:09.642Z
sensor.esp32_ot_mqtt_outdoor_voltage,4.092,2026-07-26T23:43:59.100Z
sensor.esp32_ot_mqtt_outdoor_voltage,4.08,2026-07-26T23:48:48.530Z
sensor.esp32_ot_mqtt_outdoor_voltage,4.09,2026-07-26T23:53:37.950Z
sensor.esp32_ot_mqtt_outdoor_voltage,4.094,2026-07-26T23:58:27.335Z
sensor.esp32_ot_mqtt_outdoor_voltage,4.086,2026-07-27T00:02:38.172Z
sensor.esp32_ot_mqtt_outdoor_voltage,4.094,2026-07-27T00:07:27.568Z
sensor.esp32_ot_mqtt_outdoor_voltage,4.092,2026-07-27T00:12:16.994Z
sensor.esp32_ot_mqtt_outdoor_voltage,4.076,2026-07-27T00:17:06.428Z
sensor.esp32_ot_mqtt_outdoor_voltage,4.092,2026-07-27T00:21:55.915Z
sensor.esp32_ot_mqtt_outdoor_voltage,4.084,2026-07-27T00:25:28.171Z
sensor.esp32_ot_mqtt_outdoor_voltage,4.094,2026-07-27T00:30:17.547Z
sensor.esp32_ot_mqtt_outdoor_voltage,4.088,2026-07-27T00:35:06.945Z
sensor.esp32_ot_mqtt_outdoor_voltage,4.094,2026-07-27T00:39:56.414Z
sensor.esp32_ot_mqtt_outdoor_voltage,4.088,2026-07-27T00:49:35.447Z
sensor.esp32_ot_mqtt_outdoor_voltage,4.086,2026-07-27T00:59:14.552Z
sensor.esp32_ot_mqtt_outdoor_voltage,4.09,2026-07-27T01:01:49.007Z
sensor.esp32_ot_mqtt_outdoor_voltage,4.084,2026-07-27T01:02:07.942Z
sensor.esp32_ot_mqtt_outdoor_voltage,4.086,2026-07-27T01:03:44.869Z
sensor.esp32_ot_mqtt_outdoor_voltage,4.084,2026-07-27T01:08:34.559Z
sensor.esp32_ot_mqtt_outdoor_voltage,4.08,2026-07-27T01:12:06.986Z
sensor.esp32_ot_mqtt_outdoor_voltage,4.086,2026-07-27T01:16:56.673Z
sensor.esp32_ot_mqtt_outdoor_voltage,4.094,2026-07-27T01:21:46.332Z
sensor.esp32_ot_mqtt_outdoor_voltage,4.09,2026-07-27T01:26:36.023Z
sensor.esp32_ot_mqtt_outdoor_voltage,4.086,2026-07-27T01:31:25.755Z
sensor.esp32_ot_mqtt_outdoor_voltage,4.082,2026-07-27T01:36:15.514Z
sensor.esp32_ot_mqtt_outdoor_voltage,4.08,2026-07-27T01:41:05.338Z
sensor.esp32_ot_mqtt_outdoor_voltage,4.074,2026-07-27T01:45:55.204Z
sensor.esp32_ot_mqtt_outdoor_voltage,4.088,2026-07-27T01:50:45.192Z
sensor.esp32_ot_mqtt_outdoor_voltage,4.076,2026-07-27T01:59:27.164Z
sensor.esp32_ot_mqtt_outdoor_voltage,4.09,2026-07-27T02:04:17.258Z
sensor.esp32_ot_mqtt_outdoor_voltage,4.078,2026-07-27T02:07:30.615Z
sensor.esp32_ot_mqtt_outdoor_voltage,4.084,2026-07-27T02:12:20.712Z
sensor.esp32_ot_mqtt_outdoor_voltage,4.086,2026-07-27T02:14:36.111Z
sensor.esp32_ot_mqtt_outdoor_voltage,4.08,2026-07-27T02:19:06.977Z
sensor.esp32_ot_mqtt_outdoor_voltage,4.084,2026-07-27T02:23:57.143Z
sensor.esp32_ot_mqtt_outdoor_voltage,4.076,2026-07-27T02:28:47.385Z
sensor.esp32_ot_mqtt_outdoor_voltage,4.092,2026-07-27T02:33:37.586Z
sensor.esp32_ot_mqtt_outdoor_voltage,4.084,2026-07-27T02:38:27.876Z
sensor.esp32_ot_mqtt_outdoor_voltage,4.096,2026-07-27T02:43:18.213Z
sensor.esp32_ot_mqtt_outdoor_voltage,4.09,2026-07-27T02:52:58.943Z
sensor.esp32_ot_mqtt_outdoor_voltage,4.084,2026-07-27T02:57:49.911Z
sensor.esp32_ot_mqtt_outdoor_voltage,4.09,2026-07-27T03:02:40.682Z
sensor.esp32_ot_mqtt_outdoor_voltage,4.088,2026-07-27T03:12:22.253Z
sensor.esp32_ot_mqtt_outdoor_voltage,4.086,2026-07-27T03:17:12.969Z
sensor.esp32_ot_mqtt_outdoor_voltage,4.092,2026-07-27T03:22:03.684Z
sensor.esp32_ot_mqtt_outdoor_voltage,4.088,2026-07-27T03:25:36.876Z
sensor.esp32_ot_mqtt_outdoor_voltage,4.094,2026-07-27T03:30:27.692Z
sensor.esp32_ot_mqtt_outdoor_voltage,4.09,2026-07-27T03:40:09.351Z
sensor.esp32_ot_mqtt_outdoor_voltage,4.088,2026-07-27T03:43:23.379Z
sensor.esp32_ot_mqtt_outdoor_voltage,4.092,2026-07-27T03:53:05.436Z
sensor.esp32_ot_mqtt_outdoor_voltage,4.088,2026-07-27T03:57:56.493Z
sensor.esp32_ot_mqtt_outdoor_voltage,4.094,2026-07-27T04:02:47.654Z
sensor.esp32_ot_mqtt_outdoor_voltage,4.086,2026-07-27T04:07:38.769Z
sensor.esp32_ot_mqtt_outdoor_voltage,4.084,2026-07-27T04:12:29.938Z
sensor.esp32_ot_mqtt_outdoor_voltage,4.092,2026-07-27T04:22:12.170Z
sensor.esp32_ot_mqtt_outdoor_voltage,4.086,2026-07-27T04:27:03.302Z
sensor.esp32_ot_mqtt_outdoor_voltage,4.088,2026-07-27T04:30:36.847Z
sensor.esp32_ot_mqtt_outdoor_voltage,4.092,2026-07-27T04:35:28.071Z
sensor.esp32_ot_mqtt_outdoor_voltage,4.09,2026-07-27T04:40:19.318Z
sensor.esp32_ot_mqtt_outdoor_voltage,4.096,2026-07-27T04:45:10.562Z
sensor.esp32_ot_mqtt_outdoor_voltage,4.09,2026-07-27T04:50:01.825Z
sensor.esp32_ot_mqtt_outdoor_voltage,4.082,2026-07-27T04:54:53.132Z
sensor.esp32_ot_mqtt_outdoor_voltage,4.086,2026-07-27T04:59:44.431Z
sensor.esp32_ot_mqtt_outdoor_voltage,4.094,2026-07-27T05:04:35.703Z
sensor.esp32_ot_mqtt_outdoor_voltage,4.092,2026-07-27T05:07:30.449Z
sensor.esp32_ot_mqtt_outdoor_voltage,4.09,2026-07-27T05:12:21.648Z
sensor.esp32_ot_mqtt_outdoor_voltage,4.088,2026-07-27T05:17:51.309Z
sensor.esp32_ot_mqtt_outdoor_voltage,4.092,2026-07-27T05:25:56.728Z
sensor.esp32_ot_mqtt_outdoor_voltage,4.09,2026-07-27T05:29:49.604Z
sensor.esp32_ot_mqtt_outdoor_voltage,4.094,2026-07-27T05:39:31.681Z
sensor.esp32_ot_mqtt_outdoor_voltage,4.088,2026-07-27T05:44:22.698Z
sensor.esp32_ot_mqtt_outdoor_voltage,4.094,2026-07-27T05:49:13.623Z
sensor.esp32_ot_mqtt_outdoor_voltage,4.088,2026-07-27T05:54:04.677Z
sensor.esp32_ot_mqtt_outdoor_voltage,4.09,2026-07-27T05:58:55.811Z
sensor.esp32_ot_mqtt_outdoor_voltage,4.084,2026-07-27T06:03:46.946Z
sensor.esp32_ot_mqtt_outdoor_voltage,4.092,2026-07-27T06:08:37.606Z
sensor.esp32_ot_mqtt_outdoor_voltage,4.09,2026-07-27T06:13:29.267Z
sensor.esp32_ot_mqtt_outdoor_voltage,4.092,2026-07-27T06:28:03.136Z
sensor.esp32_ot_mqtt_outdoor_voltage,4.086,2026-07-27T06:32:54.736Z
sensor.esp32_ot_mqtt_outdoor_voltage,4.08,2026-07-27T06:37:45.985Z
sensor.esp32_ot_mqtt_outdoor_voltage,4.088,2026-07-27T06:42:37.403Z
sensor.esp32_ot_mqtt_outdoor_voltage,4.092,2026-07-27T06:47:28.607Z
sensor.esp32_ot_mqtt_outdoor_voltage,4.084,2026-07-27T06:52:19.856Z
sensor.esp32_ot_mqtt_outdoor_voltage,4.088,2026-07-27T06:57:11.016Z
sensor.esp32_ot_mqtt_outdoor_voltage,4.09,2026-07-27T07:06:53.489Z
sensor.esp32_ot_mqtt_outdoor_voltage,4.084,2026-07-27T07:11:44.646Z
sensor.esp32_ot_mqtt_outdoor_voltage,4.09,2026-07-27T07:16:35.915Z
sensor.esp32_ot_mqtt_outdoor_voltage,4.092,2026-07-27T07:21:27.390Z
sensor.esp32_ot_mqtt_outdoor_voltage,4.094,2026-07-27T07:26:18.250Z
sensor.esp32_ot_mqtt_outdoor_voltage,4.092,2026-07-27T07:31:09.943Z
sensor.esp32_ot_mqtt_outdoor_voltage,4.09,2026-07-27T07:36:01.219Z
sensor.esp32_ot_mqtt_outdoor_voltage,4.088,2026-07-27T07:50:34.979Z
sensor.esp32_ot_mqtt_outdoor_voltage,4.09,2026-07-27T07:55:26.225Z
sensor.esp32_ot_mqtt_outdoor_voltage,4.096,2026-07-27T08:00:17.556Z
sensor.esp32_ot_mqtt_outdoor_voltage,4.088,2026-07-27T08:05:08.963Z
sensor.esp32_ot_mqtt_outdoor_voltage,4.084,2026-07-27T08:10:00.788Z
sensor.esp32_ot_mqtt_outdoor_voltage,4.09,2026-07-27T08:17:08.053Z
sensor.esp32_ot_mqtt_outdoor_voltage,4.094,2026-07-27T08:19:04.717Z
sensor.esp32_ot_mqtt_outdoor_voltage,4.09,2026-07-27T08:20:41.969Z
sensor.esp32_ot_mqtt_outdoor_voltage,4.092,2026-07-27T08:21:39.948Z
sensor.esp32_ot_mqtt_outdoor_voltage,4.086,2026-07-27T08:22:58.153Z
sensor.esp32_ot_mqtt_outdoor_voltage,4.092,2026-07-27T08:24:35.437Z
sensor.esp32_ot_mqtt_outdoor_voltage,4.088,2026-07-27T08:26:12.744Z
sensor.esp32_ot_mqtt_outdoor_voltage,4.09,2026-07-27T08:27:30.534Z
sensor.esp32_ot_mqtt_outdoor_voltage,4.088,2026-07-27T08:28:48.356Z
sensor.esp32_ot_mqtt_outdoor_voltage,4.092,2026-07-27T08:30:25.654Z
sensor.esp32_ot_mqtt_outdoor_voltage,4.088,2026-07-27T08:31:43.496Z
sensor.esp32_ot_mqtt_outdoor_voltage,4.094,2026-07-27T08:33:01.303Z
sensor.esp32_ot_mqtt_outdoor_voltage,4.088,2026-07-27T08:34:38.587Z
sensor.esp32_ot_mqtt_outdoor_voltage,4.094,2026-07-27T08:36:15.875Z
sensor.esp32_ot_mqtt_outdoor_voltage,4.088,2026-07-27T08:41:07.789Z
sensor.esp32_ot_mqtt_outdoor_voltage,4.084,2026-07-27T08:43:04.509Z
sensor.esp32_ot_mqtt_outdoor_voltage,4.094,2026-07-27T08:44:22.387Z
sensor.esp32_ot_mqtt_outdoor_voltage,4.09,2026-07-27T08:45:20.457Z
sensor.esp32_ot_mqtt_outdoor_voltage,4.092,2026-07-27T08:47:37.256Z
sensor.esp32_ot_mqtt_outdoor_voltage,4.088,2026-07-27T08:50:13.275Z
sensor.esp32_ot_mqtt_outdoor_voltage,4.094,2026-07-27T08:51:31.339Z
sensor.esp32_ot_mqtt_outdoor_voltage,4.092,2026-07-27T08:52:49.432Z
sensor.esp32_ot_mqtt_outdoor_voltage,4.086,2026-07-27T08:53:08.673Z
sensor.esp32_ot_mqtt_outdoor_voltage,4.09,2026-07-27T08:54:07.249Z
sensor.esp32_ot_mqtt_outdoor_voltage,4.088,2026-07-27T08:55:25.638Z
sensor.esp32_ot_mqtt_outdoor_voltage,4.09,2026-07-27T08:57:03.293Z
sensor.esp32_ot_mqtt_outdoor_voltage,4.088,2026-07-27T09:00:38.191Z
sensor.esp32_ot_mqtt_outdoor_voltage,4.09,2026-07-27T09:03:14.566Z
sensor.esp32_ot_mqtt_outdoor_voltage,4.086,2026-07-27T09:09:45.685Z
sensor.esp32_ot_mqtt_outdoor_voltage,4.09,2026-07-27T09:11:03.957Z
sensor.esp32_ot_mqtt_outdoor_voltage,4.094,2026-07-27T09:12:41.834Z
sensor.esp32_ot_mqtt_outdoor_voltage,4.088,2026-07-27T09:16:17.316Z
sensor.esp32_ot_mqtt_outdoor_voltage,4.086,2026-07-27T09:18:34.304Z
sensor.esp32_ot_mqtt_outdoor_voltage,4.09,2026-07-27T09:20:51.519Z
sensor.esp32_ot_mqtt_outdoor_voltage,4.094,2026-07-27T09:23:28.351Z
sensor.esp32_ot_mqtt_outdoor_voltage,4.09,2026-07-27T09:25:25.957Z
sensor.esp32_ot_mqtt_outdoor_voltage,4.092,2026-07-27T09:26:24.423Z
sensor.esp32_ot_mqtt_outdoor_voltage,4.094,2026-07-27T09:31:18.993Z
sensor.esp32_ot_mqtt_outdoor_voltage,4.096,2026-07-27T09:33:16.637Z
sensor.esp32_ot_mqtt_outdoor_voltage,4.088,2026-07-27T09:35:14.288Z
sensor.esp32_ot_mqtt_outdoor_voltage,4.092,2026-07-27T09:36:52.387Z
sensor.esp32_ot_mqtt_outdoor_voltage,4.088,2026-07-27T09:41:46.604Z
sensor.esp32_ot_mqtt_outdoor_voltage,4.094,2026-07-27T09:42:25.842Z
sensor.esp32_ot_mqtt_outdoor_voltage,4.092,2026-07-27T09:43:05.102Z
sensor.esp32_ot_mqtt_outdoor_voltage,4.096,2026-07-27T09:43:43.991Z
sensor.esp32_ot_mqtt_outdoor_voltage,4.084,2026-07-27T09:44:23.249Z
sensor.esp32_ot_mqtt_outdoor_voltage,4.088,2026-07-27T09:45:02.513Z
sensor.esp32_ot_mqtt_outdoor_voltage,4.09,2026-07-27T09:45:41.787Z
sensor.esp32_ot_mqtt_outdoor_voltage,4.1,2026-07-27T09:46:21.068Z
sensor.esp32_ot_mqtt_outdoor_voltage,4.088,2026-07-27T09:47:59.621Z
sensor.esp32_ot_mqtt_outdoor_voltage,4.09,2026-07-27T09:48:38.881Z
sensor.esp32_ot_mqtt_outdoor_voltage,4.088,2026-07-27T09:49:57.064Z
sensor.esp32_ot_mqtt_outdoor_voltage,4.092,2026-07-27T09:50:16.746Z
sensor.esp32_ot_mqtt_outdoor_voltage,4.096,2026-07-27T09:51:15.652Z
sensor.esp32_ot_mqtt_outdoor_voltage,4.092,2026-07-27T09:52:14.590Z
sensor.esp32_ot_mqtt_outdoor_voltage,4.096,2026-07-27T09:53:33.560Z
sensor.esp32_ot_mqtt_outdoor_voltage,4.094,2026-07-27T09:55:31.394Z
sensor.esp32_ot_mqtt_outdoor_voltage,4.092,2026-07-27T09:56:30.337Z
sensor.esp32_ot_mqtt_outdoor_voltage,4.096,2026-07-27T09:57:28.927Z
sensor.esp32_ot_mqtt_outdoor_voltage,4.098,2026-07-27T09:58:27.887Z
sensor.esp32_ot_mqtt_outdoor_voltage,4.096,2026-07-27T09:59:26.851Z
sensor.esp32_ot_mqtt_outdoor_voltage,4.09,2026-07-27T10:00:26.182Z
sensor.esp32_ot_mqtt_outdoor_voltage,4.092,2026-07-27T10:05:20.837Z
sensor.esp32_ot_mqtt_outdoor_voltage,4.094,2026-07-27T10:09:16.475Z
sensor.esp32_ot_mqtt_outdoor_voltage,4.09,2026-07-27T10:13:12.143Z
sensor.esp32_ot_mqtt_outdoor_voltage,4.094,2026-07-27T10:16:08.541Z
sensor.esp32_ot_mqtt_outdoor_voltage,4.096,2026-07-27T10:17:07.562Z
sensor.esp32_ot_mqtt_outdoor_voltage,4.084,2026-07-27T10:19:44.726Z
sensor.esp32_ot_mqtt_outdoor_voltage,4.09,2026-07-27T10:24:00.246Z
sensor.esp32_ot_mqtt_outdoor_voltage,4.084,2026-07-27T10:28:54.271Z
sensor.esp32_ot_mqtt_outdoor_voltage,4.092,2026-07-27T10:29:13.934Z
sensor.esp32_ot_mqtt_outdoor_voltage,4.098,2026-07-27T10:29:33.553Z
sensor.esp32_ot_mqtt_outdoor_voltage,4.086,2026-07-27T10:29:53.177Z
sensor.esp32_ot_mqtt_outdoor_voltage,4.092,2026-07-27T10:30:12.828Z
sensor.esp32_ot_mqtt_outdoor_voltage,4.088,2026-07-27T10:30:32.468Z
sensor.esp32_ot_mqtt_outdoor_voltage,4.09,2026-07-27T10:31:11.734Z
sensor.esp32_ot_mqtt_outdoor_voltage,4.096,2026-07-27T10:31:51.400Z
sensor.esp32_ot_mqtt_outdoor_voltage,4.088,2026-07-27T10:32:10.677Z
sensor.esp32_ot_mqtt_outdoor_voltage,4.096,2026-07-27T10:32:49.952Z
sensor.esp32_ot_mqtt_outdoor_voltage,4.094,2026-07-27T10:35:07.710Z
sensor.esp32_ot_mqtt_outdoor_voltage,4.086,2026-07-27T10:35:46.588Z
sensor.esp32_ot_mqtt_outdoor_voltage,4.088,2026-07-27T10:36:06.200Z
sensor.esp32_ot_mqtt_outdoor_voltage,4.092,2026-07-27T10:36:25.837Z
sensor.esp32_ot_mqtt_outdoor_voltage,4.098,2026-07-27T10:36:45.466Z
sensor.esp32_ot_mqtt_outdoor_voltage,4.092,2026-07-27T10:37:05.465Z
sensor.esp32_ot_mqtt_outdoor_voltage,4.096,2026-07-27T10:38:23.601Z
sensor.esp32_ot_mqtt_outdoor_voltage,4.09,2026-07-27T10:38:43.226Z
sensor.esp32_ot_mqtt_outdoor_voltage,4.094,2026-07-27T10:39:22.458Z
sensor.esp32_ot_mqtt_outdoor_voltage,4.086,2026-07-27T10:40:01.661Z
sensor.esp32_ot_mqtt_outdoor_voltage,4.09,2026-07-27T10:40:40.875Z
sensor.esp32_ot_mqtt_outdoor_voltage,4.092,2026-07-27T10:41:20.469Z
sensor.esp32_ot_mqtt_outdoor_voltage,4.086,2026-07-27T10:42:38.882Z
sensor.esp32_ot_mqtt_outdoor_voltage,4.09,2026-07-27T10:42:58.481Z
sensor.esp32_ot_mqtt_outdoor_voltage,4.088,2026-07-27T10:43:17.718Z
sensor.esp32_ot_mqtt_outdoor_voltage,4.092,2026-07-27T10:43:37.337Z
sensor.esp32_ot_mqtt_outdoor_voltage,4.082,2026-07-27T10:46:14.452Z
sensor.esp32_ot_mqtt_outdoor_voltage,4.096,2026-07-27T10:46:53.240Z
sensor.esp32_ot_mqtt_outdoor_voltage,4.092,2026-07-27T10:48:11.964Z
sensor.esp32_ot_mqtt_outdoor_voltage,4.094,2026-07-27T10:48:51.135Z
sensor.esp32_ot_mqtt_outdoor_voltage,4.092,2026-07-27T10:50:28.696Z
sensor.esp32_ot_mqtt_outdoor_voltage,4.09,2026-07-27T10:51:08.257Z
sensor.esp32_ot_mqtt_outdoor_voltage,4.096,2026-07-27T10:51:47.068Z
sensor.esp32_ot_mqtt_outdoor_voltage,4.09,2026-07-27T10:52:06.667Z
sensor.esp32_ot_mqtt_outdoor_voltage,4.088,2026-07-27T10:52:26.271Z
sensor.esp32_ot_mqtt_outdoor_voltage,4.092,2026-07-27T10:52:45.878Z
sensor.esp32_ot_mqtt_outdoor_voltage,4.086,2026-07-27T10:53:25.069Z
sensor.esp32_ot_mqtt_outdoor_voltage,4.092,2026-07-27T10:54:04.269Z
sensor.esp32_ot_mqtt_outdoor_voltage,4.09,2026-07-27T10:54:43.458Z
sensor.esp32_ot_mqtt_outdoor_voltage,4.092,2026-07-27T10:56:01.821Z
sensor.esp32_ot_mqtt_outdoor_voltage,4.09,2026-07-27T10:57:19.737Z
sensor.esp32_ot_mqtt_outdoor_voltage,4.092,2026-07-27T10:57:58.932Z
sensor.esp32_ot_mqtt_outdoor_voltage,4.096,2026-07-27T10:58:38.918Z
sensor.esp32_ot_mqtt_outdoor_voltage,4.094,2026-07-27T10:59:57.245Z
sensor.esp32_ot_mqtt_outdoor_voltage,4.088,2026-07-27T11:01:15.586Z
sensor.esp32_ot_mqtt_outdoor_voltage,4.094,2026-07-27T11:05:30.251Z
sensor.esp32_ot_mqtt_outdoor_voltage,4.088,2026-07-27T11:07:08.182Z
sensor.esp32_ot_mqtt_outdoor_voltage,4.094,2026-07-27T11:08:26.533Z
sensor.esp32_ot_mqtt_outdoor_voltage,4.084,2026-07-27T11:10:04.510Z
sensor.esp32_ot_mqtt_outdoor_voltage,4.094,2026-07-27T11:13:40.082Z
sensor.esp32_ot_mqtt_outdoor_voltage,4.09,2026-07-27T11:15:18.181Z
sensor.esp32_ot_mqtt_outdoor_voltage,4.098,2026-07-27T11:16:56.085Z
sensor.esp32_ot_mqtt_outdoor_voltage,4.094,2026-07-27T11:19:32.942Z
sensor.esp32_ot_mqtt_outdoor_voltage,4.092,2026-07-27T11:21:10.940Z
sensor.esp32_ot_mqtt_outdoor_voltage,4.086,2026-07-27T11:21:30.554Z
sensor.esp32_ot_mqtt_outdoor_voltage,4.092,2026-07-27T11:21:49.825Z
sensor.esp32_ot_mqtt_outdoor_voltage,4.096,2026-07-27T11:22:29.058Z
sensor.esp32_ot_mqtt_outdoor_voltage,4.088,2026-07-27T11:22:48.683Z
sensor.esp32_ot_mqtt_outdoor_voltage,4.092,2026-07-27T11:25:44.898Z
sensor.esp32_ot_mqtt_outdoor_voltage,4.09,2026-07-27T11:26:04.386Z
sensor.esp32_ot_mqtt_outdoor_voltage,4.086,2026-07-27T11:26:24.806Z
sensor.esp32_ot_mqtt_outdoor_voltage,4.092,2026-07-27T11:26:44.065Z
sensor.esp32_ot_mqtt_outdoor_voltage,4.09,2026-07-27T11:27:03.714Z
sensor.esp32_ot_mqtt_outdoor_voltage,4.092,2026-07-27T11:28:02.565Z
sensor.esp32_ot_mqtt_outdoor_voltage,4.086,2026-07-27T11:28:22.189Z
sensor.esp32_ot_mqtt_outdoor_voltage,4.094,2026-07-27T11:28:41.810Z
sensor.esp32_ot_mqtt_outdoor_voltage,4.09,2026-07-27T11:29:01.431Z
sensor.esp32_ot_mqtt_outdoor_voltage,4.082,2026-07-27T11:30:59.204Z
sensor.esp32_ot_mqtt_outdoor_voltage,4.09,2026-07-27T11:31:38.290Z
sensor.esp32_ot_mqtt_outdoor_voltage,4.096,2026-07-27T11:32:57.072Z
sensor.esp32_ot_mqtt_outdoor_voltage,4.092,2026-07-27T11:33:16.308Z
sensor.esp32_ot_mqtt_outdoor_voltage,4.094,2026-07-27T11:33:55.522Z
sensor.esp32_ot_mqtt_outdoor_voltage,4.092,2026-07-27T11:34:15.132Z
sensor.esp32_ot_mqtt_outdoor_voltage,4.088,2026-07-27T11:34:34.728Z
sensor.esp32_ot_mqtt_outdoor_voltage,4.096,2026-07-27T11:34:54.346Z
sensor.esp32_ot_mqtt_outdoor_voltage,4.092,2026-07-27T11:35:13.956Z
sensor.esp32_ot_mqtt_outdoor_voltage,4.088,2026-07-27T11:35:33.563Z
sensor.esp32_ot_mqtt_outdoor_voltage,4.094,2026-07-27T11:36:13.143Z
sensor.esp32_ot_mqtt_outdoor_voltage,4.088,2026-07-27T11:37:31.114Z
sensor.esp32_ot_mqtt_outdoor_voltage,4.09,2026-07-27T11:38:10.280Z
sensor.esp32_ot_mqtt_outdoor_voltage,4.092,2026-07-27T11:38:49.415Z
sensor.esp32_ot_mqtt_outdoor_voltage,4.096,2026-07-27T11:39:28.573Z
sensor.esp32_ot_mqtt_outdoor_voltage,4.092,2026-07-27T11:40:07.734Z
sensor.esp32_ot_mqtt_outdoor_voltage,4.088,2026-07-27T11:40:46.900Z
sensor.esp32_ot_mqtt_outdoor_voltage,4.096,2026-07-27T11:43:04.279Z
sensor.esp32_ot_mqtt_outdoor_voltage,4.092,2026-07-27T11:44:02.583Z
sensor.esp32_ot_mqtt_outdoor_voltage,4.084,2026-07-27T11:45:40.404Z
sensor.esp32_ot_mqtt_outdoor_voltage,4.088,2026-07-27T11:46:19.913Z
sensor.esp32_ot_mqtt_outdoor_voltage,4.092,2026-07-27T11:46:58.663Z
sensor.esp32_ot_mqtt_outdoor_voltage,4.09,2026-07-27T11:47:57.675Z
sensor.esp32_ot_mqtt_outdoor_voltage,4.084,2026-07-27T11:53:29.856Z
sensor.esp32_ot_mqtt_outdoor_voltage,4.088,2026-07-27T11:58:22.687Z
sensor.esp32_ot_mqtt_outdoor_voltage,4.086,2026-07-27T12:04:14.104Z
sensor.esp32_ot_mqtt_outdoor_voltage,4.1,2026-07-27T12:06:30.773Z
sensor.esp32_ot_mqtt_outdoor_voltage,4.09,2026-07-27T12:08:47.346Z
sensor.esp32_ot_mqtt_outdoor_voltage,4.088,2026-07-27T12:09:25.982Z
sensor.esp32_ot_mqtt_outdoor_voltage,4.092,2026-07-27T12:14:18.953Z
sensor.esp32_ot_mqtt_outdoor_voltage,4.086,2026-07-27T12:16:35.496Z
sensor.esp32_ot_mqtt_outdoor_voltage,4.088,2026-07-27T12:17:14.139Z
sensor.esp32_ot_mqtt_outdoor_voltage,4.09,2026-07-27T12:19:50.608Z
sensor.esp32_ot_mqtt_outdoor_voltage,4.088,2026-07-27T12:20:29.624Z
sensor.esp32_ot_mqtt_outdoor_voltage,4.094,2026-07-27T12:21:27.773Z
sensor.esp32_ot_mqtt_outdoor_voltage,4.088,2026-07-27T12:22:26.296Z
sensor.esp32_ot_mqtt_outdoor_voltage,4.086,2026-07-27T12:23:24.823Z
sensor.esp32_ot_mqtt_outdoor_voltage,4.084,2026-07-27T12:24:42.877Z
sensor.esp32_ot_mqtt_outdoor_voltage,4.094,2026-07-27T12:25:21.849Z
sensor.esp32_ot_mqtt_outdoor_voltage,4.096,2026-07-27T12:26:01.221Z
sensor.esp32_ot_mqtt_outdoor_voltage,4.094,2026-07-27T12:26:59.370Z
sensor.esp32_ot_mqtt_outdoor_voltage,4.086,2026-07-27T12:27:57.865Z
sensor.esp32_ot_mqtt_outdoor_voltage,4.088,2026-07-27T12:29:16.277Z
sensor.esp32_ot_mqtt_outdoor_voltage,4.094,2026-07-27T12:30:53.802Z
sensor.esp32_ot_mqtt_outdoor_voltage,4.09,2026-07-27T12:35:46.197Z
sensor.esp32_ot_mqtt_outdoor_voltage,4.096,2026-07-27T12:36:25.207Z
sensor.esp32_ot_mqtt_outdoor_voltage,4.088,2026-07-27T12:37:23.673Z
sensor.esp32_ot_mqtt_outdoor_voltage,4.09,2026-07-27T12:38:02.309Z
sensor.esp32_ot_mqtt_outdoor_voltage,4.088,2026-07-27T12:38:41.315Z
sensor.esp32_ot_mqtt_outdoor_voltage,4.084,2026-07-27T12:39:00.833Z
sensor.esp32_ot_mqtt_outdoor_voltage,4.09,2026-07-27T12:40:19.179Z
sensor.esp32_ot_mqtt_outdoor_voltage,4.088,2026-07-27T12:40:57.841Z
sensor.esp32_ot_mqtt_outdoor_voltage,4.096,2026-07-27T12:41:37.233Z
sensor.esp32_ot_mqtt_outdoor_voltage,4.088,2026-07-27T12:42:15.877Z
sensor.esp32_ot_mqtt_outdoor_voltage,4.096,2026-07-27T12:42:54.913Z
sensor.esp32_ot_mqtt_outdoor_voltage,4.09,2026-07-27T12:43:33.928Z
sensor.esp32_ot_mqtt_outdoor_voltage,4.082,2026-07-27T12:44:12.961Z
sensor.esp32_ot_mqtt_outdoor_voltage,4.092,2026-07-27T12:44:51.998Z
sensor.esp32_ot_mqtt_outdoor_voltage,4.088,2026-07-27T12:46:10.067Z
sensor.esp32_ot_mqtt_outdoor_voltage,4.094,2026-07-27T12:47:09.003Z
sensor.esp32_ot_mqtt_outdoor_voltage,4.09,2026-07-27T12:48:27.026Z
sensor.esp32_ot_mqtt_outdoor_voltage,4.094,2026-07-27T12:49:45.080Z
sensor.esp32_ot_mqtt_outdoor_voltage,4.09,2026-07-27T12:52:01.725Z
sensor.esp32_ot_mqtt_outdoor_voltage,4.092,2026-07-27T12:52:59.921Z
sensor.esp32_ot_mqtt_outdoor_voltage,4.094,2026-07-27T12:56:54.525Z
sensor.esp32_ot_mqtt_outdoor_voltage,4.09,2026-07-27T12:57:33.214Z
sensor.esp32_ot_mqtt_outdoor_voltage,4.086,2026-07-27T12:58:31.777Z
sensor.esp32_ot_mqtt_outdoor_voltage,4.09,2026-07-27T12:59:50.253Z
sensor.esp32_ot_mqtt_outdoor_voltage,4.088,2026-07-27T13:00:28.942Z
sensor.esp32_ot_mqtt_outdoor_voltage,4.096,2026-07-27T13:01:08.005Z
sensor.esp32_ot_mqtt_outdoor_voltage,4.086,2026-07-27T13:01:47.061Z
sensor.esp32_ot_mqtt_outdoor_voltage,4.09,2026-07-27T13:02:26.116Z
sensor.esp32_ot_mqtt_outdoor_voltage,4.094,2026-07-27T13:03:05.164Z
sensor.esp32_ot_mqtt_outdoor_voltage,4.086,2026-07-27T13:03:44.608Z
sensor.esp32_ot_mqtt_outdoor_voltage,4.084,2026-07-27T13:04:23.292Z
sensor.esp32_ot_mqtt_outdoor_voltage,4.094,2026-07-27T13:05:21.867Z
sensor.esp32_ot_mqtt_outdoor_voltage,4.082,2026-07-27T13:08:37.449Z
sensor.esp32_ot_mqtt_outdoor_voltage,4.09,2026-07-27T13:09:36.004Z
sensor.esp32_ot_mqtt_outdoor_voltage,4.086,2026-07-27T13:10:34.203Z
sensor.esp32_ot_mqtt_outdoor_voltage,4.09,2026-07-27T13:11:13.251Z
sensor.esp32_ot_mqtt_outdoor_voltage,4.094,2026-07-27T13:12:11.809Z
sensor.esp32_ot_mqtt_outdoor_voltage,4.088,2026-07-27T13:13:30.233Z
sensor.esp32_ot_mqtt_outdoor_voltage,4.086,2026-07-27T13:14:48.305Z
sensor.esp32_ot_mqtt_outdoor_voltage,4.09,2026-07-27T13:16:25.827Z
sensor.esp32_ot_mqtt_outdoor_voltage,4.092,2026-07-27T13:17:43.892Z
sensor.esp32_ot_mqtt_outdoor_voltage,4.088,2026-07-27T13:18:22.927Z
sensor.esp32_ot_mqtt_outdoor_voltage,4.09,2026-07-27T13:20:39.534Z
sensor.esp32_ot_mqtt_outdoor_voltage,4.092,2026-07-27T13:26:11.023Z
sensor.esp32_ot_mqtt_outdoor_voltage,4.094,2026-07-27T13:31:03.886Z
sensor.esp32_ot_mqtt_outdoor_voltage,4.09,2026-07-27T13:33:20.396Z
sensor.esp32_ot_mqtt_outdoor_voltage,4.088,2026-07-27T13:34:57.859Z
sensor.esp32_ot_mqtt_outdoor_voltage,4.084,2026-07-27T13:35:55.958Z
sensor.esp32_ot_mqtt_outdoor_voltage,4.086,2026-07-27T13:36:54.437Z
sensor.esp32_ot_mqtt_outdoor_voltage,4.088,2026-07-27T13:37:33.435Z
sensor.esp32_ot_mqtt_outdoor_voltage,4.098,2026-07-27T13:39:10.927Z
sensor.esp32_ot_mqtt_outdoor_voltage,4.088,2026-07-27T13:41:07.902Z
sensor.esp32_ot_mqtt_outdoor_voltage,4.086,2026-07-27T13:42:06.375Z
sensor.esp32_ot_mqtt_outdoor_voltage,4.088,2026-07-27T13:43:04.381Z
sensor.esp32_ot_mqtt_outdoor_voltage,4.09,2026-07-27T13:44:03.656Z
sensor.esp32_ot_mqtt_outdoor_voltage,4.086,2026-07-27T13:48:36.363Z
sensor.esp32_ot_mqtt_outdoor_voltage,4.09,2026-07-27T13:50:52.612Z
sensor.esp32_ot_mqtt_outdoor_voltage,4.084,2026-07-27T13:53:08.104Z
sensor.esp32_ot_mqtt_outdoor_voltage,4.09,2026-07-27T13:55:25.173Z
sensor.esp32_ot_mqtt_outdoor_voltage,4.092,2026-07-27T13:58:20.337Z
sensor.esp32_ot_mqtt_outdoor_voltage,4.09,2026-07-27T14:00:55.972Z
sensor.esp32_ot_mqtt_outdoor_voltage,4.084,2026-07-27T14:03:51.133Z
sensor.esp32_ot_mqtt_outdoor_voltage,4.094,2026-07-27T14:07:25.081Z
sensor.esp32_ot_mqtt_outdoor_voltage,4.09,2026-07-27T14:10:20.159Z
sensor.esp32_ot_mqtt_outdoor_voltage,4.094,2026-07-27T14:13:34.609Z
sensor.esp32_ot_mqtt_outdoor_voltage,4.084,2026-07-27T14:17:08.323Z
sensor.esp32_ot_mqtt_outdoor_voltage,4.092,2026-07-27T14:20:42.279Z
sensor.esp32_ot_mqtt_outdoor_voltage,4.09,2026-07-27T14:22:38.935Z
sensor.esp32_ot_mqtt_outdoor_voltage,4.092,2026-07-27T14:25:53.267Z
sensor.esp32_ot_mqtt_outdoor_voltage,4.09,2026-07-27T14:32:21.886Z
sensor.esp32_ot_mqtt_outdoor_voltage,4.084,2026-07-27T14:42:04.480Z
sensor.esp32_ot_mqtt_outdoor_voltage,4.088,2026-07-27T14:45:38.120Z
sensor.esp32_ot_mqtt_outdoor_voltage,4.09,2026-07-27T14:50:09.999Z
sensor.esp32_ot_mqtt_outdoor_voltage,4.092,2026-07-27T14:54:41.803Z
sensor.esp32_ot_mqtt_outdoor_voltage,4.088,2026-07-27T15:06:20.694Z
sensor.esp32_ot_mqtt_outdoor_voltage,4.09,2026-07-27T15:11:11.925Z
sensor.esp32_ot_mqtt_outdoor_voltage,4.082,2026-07-27T15:15:43.664Z
sensor.esp32_ot_mqtt_outdoor_voltage,4.088,2026-07-27T15:20:34.818Z
sensor.esp32_ot_mqtt_outdoor_voltage,4.084,2026-07-27T15:30:17.011Z
sensor.esp32_ot_mqtt_outdoor_voltage,4.092,2026-07-27T15:35:08.045Z
sensor.esp32_ot_mqtt_outdoor_voltage,4.088,2026-07-27T15:39:59.053Z
sensor.esp32_ot_mqtt_outdoor_voltage,4.086,2026-07-27T15:44:50.053Z
sensor.esp32_ot_mqtt_outdoor_voltage,4.088,2026-07-27T15:49:40.985Z
sensor.esp32_ot_mqtt_outdoor_voltage,4.084,2026-07-27T15:54:32.005Z
sensor.esp32_ot_mqtt_outdoor_voltage,4.088,2026-07-27T15:59:22.914Z
sensor.esp32_ot_mqtt_outdoor_voltage,4.092,2026-07-27T16:01:38.662Z
sensor.esp32_ot_mqtt_outdoor_voltage,4.088,2026-07-27T16:02:36.847Z
sensor.esp32_ot_mqtt_outdoor_voltage,4.086,2026-07-27T16:12:57.148Z
sensor.esp32_ot_mqtt_outdoor_voltage,4.088,2026-07-27T16:17:47.823Z
sensor.esp32_ot_mqtt_outdoor_voltage,4.086,2026-07-27T16:25:32.914Z
sensor.esp32_ot_mqtt_outdoor_voltage,4.096,2026-07-27T16:30:23.578Z
sensor.esp32_ot_mqtt_outdoor_voltage,4.09,2026-07-27T16:35:14.176Z
sensor.esp32_ot_mqtt_outdoor_voltage,4.094,2026-07-27T16:37:49.119Z
sensor.esp32_ot_mqtt_outdoor_voltage,4.09,2026-07-27T16:38:46.874Z
sensor.esp32_ot_mqtt_outdoor_voltage,4.088,2026-07-27T16:40:04.760Z
sensor.esp32_ot_mqtt_outdoor_voltage,4.086,2026-07-27T16:40:43.162Z
sensor.esp32_ot_mqtt_outdoor_voltage,4.088,2026-07-27T16:45:34.058Z
sensor.esp32_ot_mqtt_outdoor_voltage,4.09,2026-07-27T16:50:24.524Z
sensor.esp32_ot_mqtt_outdoor_voltage,4.086,2026-07-27T16:58:09.100Z
sensor.esp32_ot_mqtt_outdoor_voltage,4.088,2026-07-27T17:00:05.274Z
sensor.esp32_ot_mqtt_outdoor_voltage,4.092,2026-07-27T17:02:40.142Z
sensor.esp32_ot_mqtt_outdoor_voltage,4.078,2026-07-27T17:07:30.473Z
sensor.esp32_ot_mqtt_outdoor_voltage,4.094,2026-07-27T17:10:05.318Z
sensor.esp32_ot_mqtt_outdoor_voltage,4.084,2026-07-27T17:12:01.434Z
sensor.esp32_ot_mqtt_outdoor_voltage,4.094,2026-07-27T17:16:51.716Z
sensor.esp32_ot_mqtt_outdoor_voltage,4.08,2026-07-27T17:21:41.923Z
sensor.esp32_ot_mqtt_outdoor_voltage,4.096,2026-07-27T17:26:32.143Z
sensor.esp32_ot_mqtt_outdoor_voltage,4.09,2026-07-27T17:30:04.936Z
sensor.esp32_ot_mqtt_outdoor_voltage,4.096,2026-07-27T17:36:12.583Z
sensor.esp32_ot_mqtt_outdoor_voltage,4.092,2026-07-27T17:39:26.088Z
sensor.esp32_ot_mqtt_outdoor_voltage,4.09,2026-07-27T17:41:41.532Z
sensor.esp32_ot_mqtt_outdoor_voltage,4.088,2026-07-27T17:45:53.082Z
sensor.esp32_ot_mqtt_outdoor_voltage,4.094,2026-07-27T17:53:37.378Z
sensor.esp32_ot_mqtt_outdoor_voltage,4.088,2026-07-27T17:57:29.525Z
sensor.esp32_ot_mqtt_outdoor_voltage,4.09,2026-07-27T18:02:19.684Z
sensor.esp32_ot_mqtt_outdoor_voltage,4.082,2026-07-27T18:11:59.795Z
sensor.esp32_ot_mqtt_outdoor_voltage,4.096,2026-07-27T18:14:53.809Z
sensor.esp32_ot_mqtt_outdoor_voltage,4.088,2026-07-27T18:16:49.840Z
sensor.esp32_ot_mqtt_outdoor_voltage,4.084,2026-07-27T18:21:40.007Z
sensor.esp32_ot_mqtt_outdoor_voltage,4.09,2026-07-27T18:26:30.124Z
sensor.esp32_ot_mqtt_outdoor_voltage,4.092,2026-07-27T18:36:10.415Z
sensor.esp32_ot_mqtt_outdoor_voltage,4.09,2026-07-27T18:39:04.492Z
sensor.esp32_ot_mqtt_outdoor_voltage,4.086,2026-07-27T18:39:23.849Z
sensor.esp32_ot_mqtt_outdoor_voltage,4.094,2026-07-27T18:42:56.638Z
sensor.esp32_ot_mqtt_outdoor_voltage,4.092,2026-07-27T18:47:46.731Z
sensor.esp32_ot_mqtt_outdoor_voltage,4.09,2026-07-27T18:51:19.488Z
sensor.esp32_ot_mqtt_outdoor_voltage,4.088,2026-07-27T18:55:11.561Z
sensor.esp32_ot_mqtt_outdoor_voltage,4.082,2026-07-27T19:00:01.667Z
sensor.esp32_ot_mqtt_outdoor_voltage,4.086,2026-07-27T19:04:51.817Z
sensor.esp32_ot_mqtt_outdoor_voltage,4.09,2026-07-27T19:14:31.988Z
sensor.esp32_ot_mqtt_outdoor_voltage,4.086,2026-07-27T19:17:26.038Z
sensor.esp32_ot_mqtt_outdoor_voltage,4.092,2026-07-27T19:19:02.719Z
sensor.esp32_ot_mqtt_outdoor_voltage,4.084,2026-07-27T19:23:52.771Z
sensor.esp32_ot_mqtt_outdoor_voltage,4.094,2026-07-27T19:28:23.350Z
sensor.esp32_ot_mqtt_outdoor_voltage,4.092,2026-07-27T19:38:03.259Z
sensor.esp32_ot_mqtt_outdoor_voltage,4.09,2026-07-27T19:42:53.211Z
sensor.esp32_ot_mqtt_outdoor_voltage,4.088,2026-07-27T19:47:43.154Z
sensor.esp32_ot_mqtt_outdoor_voltage,4.074,2026-07-27T19:49:39.184Z
sensor.esp32_ot_mqtt_outdoor_voltage,4.082,2026-07-27T19:54:29.146Z
sensor.esp32_ot_mqtt_outdoor_voltage,4.092,2026-07-27T19:59:19.110Z
sensor.esp32_ot_mqtt_outdoor_voltage,4.094,2026-07-27T20:04:28.389Z
sensor.esp32_ot_mqtt_outdoor_voltage,4.088,2026-07-27T20:07:03.026Z
sensor.esp32_ot_mqtt_outdoor_voltage,4.092,2026-07-27T20:11:52.969Z
sensor.esp32_ot_mqtt_outdoor_voltage,4.098,2026-07-27T20:15:06.214Z
sensor.esp32_ot_mqtt_outdoor_voltage,4.084,2026-07-27T20:19:56.089Z
sensor.esp32_ot_mqtt_outdoor_voltage,4.082,2026-07-27T20:24:45.775Z
sensor.esp32_ot_mqtt_outdoor_voltage,4.094,2026-07-27T20:29:35.348Z
sensor.esp32_ot_mqtt_outdoor_voltage,4.084,2026-07-27T20:32:48.461Z
sensor.esp32_ot_mqtt_outdoor_voltage,4.086,2026-07-27T20:33:46.382Z
sensor.esp32_ot_mqtt_outdoor_voltage,4.092,2026-07-27T20:38:36.006Z
sensor.esp32_ot_mqtt_outdoor_voltage,4.084,2026-07-27T20:43:25.629Z
sensor.esp32_ot_mqtt_outdoor_voltage,4.09,2026-07-27T20:45:21.556Z
sensor.esp32_ot_mqtt_outdoor_voltage,4.094,2026-07-27T20:46:38.800Z
sensor.esp32_ot_mqtt_outdoor_voltage,4.09,2026-07-27T20:48:53.986Z
sensor.esp32_ot_mqtt_outdoor_voltage,4.094,2026-07-27T20:51:47.751Z
sensor.esp32_ot_mqtt_outdoor_voltage,4.084,2026-07-27T20:55:20.119Z
sensor.esp32_ot_mqtt_outdoor_voltage,4.094,2026-07-27T20:55:58.380Z
sensor.esp32_ot_mqtt_outdoor_voltage,4.084,2026-07-27T20:57:54.627Z
sensor.esp32_ot_mqtt_outdoor_voltage,4.088,2026-07-27T21:02:05.602Z
sensor.esp32_ot_mqtt_outdoor_voltage,4.094,2026-07-27T21:02:44.211Z
sensor.esp32_ot_mqtt_outdoor_voltage,4.072,2026-07-27T21:05:37.941Z
sensor.esp32_ot_mqtt_outdoor_voltage,4.094,2026-07-27T21:10:27.493Z
sensor.esp32_ot_mqtt_outdoor_voltage,4.084,2026-07-27T21:15:17.039Z
sensor.esp32_ot_mqtt_outdoor_voltage,4.078,2026-07-27T21:20:06.508Z
sensor.esp32_ot_mqtt_outdoor_voltage,4.092,2026-07-27T21:24:55.977Z
sensor.esp32_ot_mqtt_outdoor_voltage,4.088,2026-07-27T21:29:45.477Z
sensor.esp32_ot_mqtt_outdoor_voltage,4.092,2026-07-27T21:34:35.006Z
sensor.esp32_ot_mqtt_outdoor_voltage,4.088,2026-07-27T21:39:24.430Z
sensor.esp32_ot_mqtt_outdoor_voltage,4.086,2026-07-27T21:44:13.866Z
sensor.esp32_ot_mqtt_outdoor_voltage,4.092,2026-07-27T21:49:03.267Z
sensor.esp32_ot_mqtt_outdoor_voltage,4.09,2026-07-27T21:53:52.625Z
sensor.esp32_ot_mqtt_outdoor_voltage,4.086,2026-07-27T22:03:31.404Z
sensor.esp32_ot_mqtt_outdoor_voltage,4.084,2026-07-27T22:08:20.835Z
sensor.esp32_ot_mqtt_outdoor_voltage,4.082,2026-07-27T22:13:10.336Z
sensor.esp32_ot_mqtt_outdoor_voltage,4.09,2026-07-27T22:17:59.839Z
sensor.esp32_ot_mqtt_outdoor_voltage,4.084,2026-07-27T22:27:38.786Z
sensor.esp32_ot_mqtt_outdoor_voltage,4.092,2026-07-27T22:32:28.245Z
sensor.esp32_ot_mqtt_outdoor_voltage,4.088,2026-07-27T22:37:17.706Z
sensor.esp32_ot_mqtt_outdoor_voltage,4.08,2026-07-27T22:42:07.073Z
sensor.esp32_ot_mqtt_outdoor_voltage,4.086,2026-07-27T22:46:56.395Z
sensor.esp32_ot_mqtt_outdoor_voltage,4.072,2026-07-27T22:56:34.883Z
sensor.esp32_ot_mqtt_outdoor_voltage,4.094,2026-07-27T23:06:13.359Z
sensor.esp32_ot_mqtt_outdoor_voltage,4.086,2026-07-27T23:11:02.587Z
sensor.esp32_ot_mqtt_outdoor_voltage,4.08,2026-07-27T23:15:51.871Z
sensor.esp32_ot_mqtt_outdoor_voltage,4.088,2026-07-27T23:20:41.084Z
sensor.esp32_ot_mqtt_outdoor_voltage,4.09,2026-07-27T23:25:30.304Z
sensor.esp32_ot_mqtt_outdoor_voltage,4.088,2026-07-27T23:30:19.481Z
sensor.esp32_ot_mqtt_outdoor_voltage,4.09,2026-07-27T23:35:08.653Z
sensor.esp32_ot_mqtt_outdoor_voltage,4.082,2026-07-27T23:39:57.863Z
sensor.esp32_ot_mqtt_outdoor_voltage,4.092,2026-07-27T23:44:47.094Z
sensor.esp32_ot_mqtt_outdoor_voltage,4.09,2026-07-27T23:49:36.319Z
sensor.esp32_ot_mqtt_outdoor_voltage,4.092,2026-07-27T23:54:25.537Z
sensor.esp32_ot_mqtt_outdoor_voltage,4.082,2026-07-27T23:59:14.709Z
sensor.esp32_ot_mqtt_outdoor_voltage,4.088,2026-07-28T00:04:03.831Z
sensor.esp32_ot_mqtt_outdoor_voltage,4.074,2026-07-28T00:07:20.824Z
sensor.esp32_ot_mqtt_outdoor_voltage,4.086,2026-07-28T00:08:53.047Z
sensor.esp32_ot_mqtt_outdoor_voltage,4.09,2026-07-28T00:10:10.181Z
sensor.esp32_ot_mqtt_outdoor_voltage,4.092,2026-07-28T00:14:59.427Z
sensor.esp32_ot_mqtt_outdoor_voltage,4.084,2026-07-28T00:19:48.624Z
sensor.esp32_ot_mqtt_outdoor_voltage,4.076,2026-07-28T00:24:37.778Z
sensor.esp32_ot_mqtt_outdoor_voltage,4.08,2026-07-28T00:29:26.978Z
sensor.esp32_ot_mqtt_outdoor_voltage,4.084,2026-07-28T00:34:16.182Z
sensor.esp32_ot_mqtt_outdoor_voltage,4.088,2026-07-28T00:39:05.483Z
sensor.esp32_ot_mqtt_outdoor_voltage,4.082,2026-07-28T00:53:33.485Z
sensor.esp32_ot_mqtt_outdoor_voltage,4.092,2026-07-28T00:58:23.003Z
sensor.esp32_ot_mqtt_outdoor_voltage,4.094,2026-07-28T01:03:12.331Z
sensor.esp32_ot_mqtt_outdoor_voltage,4.088,2026-07-28T01:06:05.939Z
sensor.esp32_ot_mqtt_outdoor_voltage,4.082,2026-07-28T01:10:55.342Z
sensor.esp32_ot_mqtt_outdoor_voltage,4.072,2026-07-28T01:15:44.739Z
sensor.esp32_ot_mqtt_outdoor_voltage,4.09,2026-07-28T01:20:34.178Z
sensor.esp32_ot_mqtt_outdoor_voltage,4.088,2026-07-28T01:25:23.672Z
sensor.esp32_ot_mqtt_outdoor_voltage,4.098,2026-07-28T01:30:13.183Z
sensor.esp32_ot_mqtt_outdoor_voltage,4.088,2026-07-28T01:35:02.729Z
sensor.esp32_ot_mqtt_outdoor_voltage,4.084,2026-07-28T01:39:33.073Z
sensor.esp32_ot_mqtt_outdoor_voltage,4.076,2026-07-28T01:49:12.641Z
sensor.esp32_ot_mqtt_outdoor_voltage,4.09,2026-07-28T01:54:02.481Z
sensor.esp32_ot_mqtt_outdoor_voltage,4.096,2026-07-28T01:56:56.447Z
sensor.esp32_ot_mqtt_outdoor_voltage,4.088,2026-07-28T02:01:46.366Z
sensor.esp32_ot_mqtt_outdoor_voltage,4.09,2026-07-28T02:09:10.990Z
sensor.esp32_ot_mqtt_outdoor_voltage,4.094,2026-07-28T02:11:06.989Z
sensor.esp32_ot_mqtt_outdoor_voltage,4.092,2026-07-28T02:12:24.353Z
sensor.esp32_ot_mqtt_outdoor_voltage,4.084,2026-07-28T02:16:54.846Z
sensor.esp32_ot_mqtt_outdoor_voltage,4.088,2026-07-28T02:18:51.243Z
sensor.esp32_ot_mqtt_outdoor_voltage,4.094,2026-07-28T02:23:41.419Z
sensor.esp32_ot_mqtt_outdoor_voltage,4.096,2026-07-28T02:28:31.527Z
sensor.esp32_ot_mqtt_outdoor_voltage,4.084,2026-07-28T02:33:21.854Z
sensor.esp32_ot_mqtt_outdoor_voltage,4.086,2026-07-28T02:34:19.917Z
sensor.esp32_ot_mqtt_outdoor_voltage,4.092,2026-07-28T02:43:41.265Z
sensor.esp32_ot_mqtt_outdoor_voltage,4.082,2026-07-28T02:44:58.737Z
sensor.esp32_ot_mqtt_outdoor_voltage,4.084,2026-07-28T02:49:49.147Z
sensor.esp32_ot_mqtt_outdoor_voltage,4.092,2026-07-28T02:54:00.889Z
sensor.esp32_ot_mqtt_outdoor_voltage,4.082,2026-07-28T02:56:55.206Z
sensor.esp32_ot_mqtt_outdoor_voltage,4.094,2026-07-28T03:01:45.754Z
sensor.esp32_ot_mqtt_outdoor_voltage,4.08,2026-07-28T03:06:36.355Z
sensor.esp32_ot_mqtt_outdoor_voltage,4.088,2026-07-28T03:11:26.894Z
sensor.esp32_ot_mqtt_outdoor_voltage,4.084,2026-07-28T03:16:17.459Z
sensor.esp32_ot_mqtt_outdoor_voltage,4.09,2026-07-28T03:21:08.012Z
sensor.esp32_ot_mqtt_outdoor_voltage,4.086,2026-07-28T03:25:58.568Z
sensor.esp32_ot_mqtt_outdoor_voltage,4.09,2026-07-28T03:30:49.199Z
sensor.esp32_ot_mqtt_outdoor_voltage,4.084,2026-07-28T03:40:30.536Z
sensor.esp32_ot_mqtt_outdoor_voltage,4.088,2026-07-28T03:45:21.340Z
sensor.esp32_ot_mqtt_outdoor_voltage,4.09,2026-07-28T03:50:12.220Z
sensor.esp32_ot_mqtt_outdoor_voltage,4.094,2026-07-28T03:52:08.588Z
sensor.esp32_ot_mqtt_outdoor_voltage,4.08,2026-07-28T03:56:59.423Z
sensor.esp32_ot_mqtt_outdoor_voltage,4.09,2026-07-28T04:01:50.358Z
sensor.esp32_ot_mqtt_outdoor_voltage,4.086,2026-07-28T04:05:23.314Z
sensor.esp32_ot_mqtt_outdoor_voltage,4.092,2026-07-28T04:10:14.694Z
sensor.esp32_ot_mqtt_outdoor_voltage,4.096,2026-07-28T04:10:53.488Z
sensor.esp32_ot_mqtt_outdoor_voltage,4.084,2026-07-28T04:15:25.056Z
sensor.esp32_ot_mqtt_outdoor_voltage,4.09,2026-07-28T04:20:15.965Z
sensor.esp32_ot_mqtt_outdoor_voltage,4.088,2026-07-28T04:25:06.901Z
sensor.esp32_ot_mqtt_outdoor_voltage,4.084,2026-07-28T04:26:24.482Z
sensor.esp32_ot_mqtt_outdoor_voltage,4.086,2026-07-28T04:31:15.440Z
sensor.esp32_ot_mqtt_outdoor_voltage,4.088,2026-07-28T04:36:06.406Z
sensor.esp32_ot_mqtt_outdoor_voltage,4.094,2026-07-28T04:40:57.457Z
sensor.esp32_ot_mqtt_outdoor_voltage,4.084,2026-07-28T04:45:48.488Z
sensor.esp32_ot_mqtt_outdoor_voltage,4.088,2026-07-28T04:50:39.491Z
sensor.esp32_ot_mqtt_outdoor_voltage,4.086,2026-07-28T04:54:12.940Z
sensor.esp32_ot_mqtt_outdoor_voltage,4.082,2026-07-28T04:59:04.039Z
sensor.esp32_ot_mqtt_outdoor_voltage,4.084,2026-07-28T05:03:55.126Z
sensor.esp32_ot_mqtt_outdoor_voltage,4.088,2026-07-28T05:06:10.977Z
sensor.esp32_ot_mqtt_outdoor_voltage,4.09,2026-07-28T05:11:02.112Z
sensor.esp32_ot_mqtt_outdoor_voltage,4.082,2026-07-28T05:12:00.226Z
sensor.esp32_ot_mqtt_outdoor_voltage,4.086,2026-07-28T05:16:51.389Z
sensor.esp32_ot_mqtt_outdoor_voltage,4.094,2026-07-28T05:21:42.479Z
sensor.esp32_ot_mqtt_outdoor_voltage,4.088,2026-07-28T05:26:33.673Z
sensor.esp32_ot_mqtt_outdoor_voltage,4.09,2026-07-28T05:31:24.763Z
sensor.esp32_ot_mqtt_outdoor_voltage,4.086,2026-07-28T05:36:15.809Z
sensor.esp32_ot_mqtt_outdoor_voltage,4.084,2026-07-28T05:41:06.847Z
sensor.esp32_ot_mqtt_outdoor_voltage,4.094,2026-07-28T05:45:57.912Z
sensor.esp32_ot_mqtt_outdoor_voltage,4.086,2026-07-28T05:49:50.691Z
sensor.esp32_ot_mqtt_outdoor_voltage,4.09,2026-07-28T05:59:13.591Z
sensor.esp32_ot_mqtt_outdoor_voltage,4.084,2026-07-28T06:04:04.535Z
sensor.esp32_ot_mqtt_outdoor_voltage,4.092,2026-07-28T06:08:56.111Z
sensor.esp32_ot_mqtt_outdoor_voltage,4.088,2026-07-28T06:12:10.293Z
sensor.esp32_ot_mqtt_outdoor_voltage,4.09,2026-07-28T06:18:38.800Z
sensor.esp32_ot_mqtt_outdoor_voltage,4.086,2026-07-28T06:23:30.127Z
sensor.esp32_ot_mqtt_outdoor_voltage,4.092,2026-07-28T06:28:21.562Z
sensor.esp32_ot_mqtt_outdoor_voltage,4.09,2026-07-28T06:30:56.923Z
sensor.esp32_ot_mqtt_outdoor_voltage,4.088,2026-07-28T06:45:31.293Z
sensor.esp32_ot_mqtt_outdoor_voltage,4.084,2026-07-28T06:50:22.784Z
sensor.esp32_ot_mqtt_outdoor_voltage,4.086,2026-07-28T06:55:14.339Z
sensor.esp32_ot_mqtt_outdoor_voltage,4.084,2026-07-28T07:00:05.927Z
sensor.esp32_ot_mqtt_outdoor_voltage,4.08,2026-07-28T07:04:57.444Z
sensor.esp32_ot_mqtt_outdoor_voltage,4.092,2026-07-28T07:09:48.993Z
sensor.esp32_ot_mqtt_outdoor_voltage,4.088,2026-07-28T07:14:40.544Z
sensor.esp32_ot_mqtt_outdoor_voltage,4.09,2026-07-28T07:24:23.724Z
sensor.esp32_ot_mqtt_outdoor_voltage,4.08,2026-07-28T07:29:15.308Z
sensor.esp32_ot_mqtt_outdoor_voltage,4.084,2026-07-28T07:34:06.816Z
sensor.esp32_ot_mqtt_outdoor_voltage,4.088,2026-07-28T07:36:22.865Z
sensor.esp32_ot_mqtt_outdoor_voltage,4.09,2026-07-28T07:37:40.625Z
sensor.esp32_ot_mqtt_outdoor_voltage,4.086,2026-07-28T07:41:33.882Z
sensor.esp32_ot_mqtt_outdoor_voltage,4.092,2026-07-28T07:43:49.917Z
sensor.esp32_ot_mqtt_outdoor_voltage,4.09,2026-07-28T07:47:43.008Z
sensor.esp32_ot_mqtt_outdoor_voltage,4.086,2026-07-28T07:52:34.300Z
sensor.esp32_ot_mqtt_outdoor_voltage,4.094,2026-07-28T07:57:25.575Z
sensor.esp32_ot_mqtt_outdoor_voltage,4.08,2026-07-28T07:58:43.239Z
sensor.esp32_ot_mqtt_outdoor_voltage,4.086,2026-07-28T08:03:34.558Z
sensor.esp32_ot_mqtt_outdoor_voltage,4.09,2026-07-28T08:08:25.783Z
sensor.esp32_ot_mqtt_outdoor_voltage,4.086,2026-07-28T08:16:31.133Z
sensor.esp32_ot_mqtt_outdoor_voltage,4.092,2026-07-28T08:19:06.478Z
sensor.esp32_ot_mqtt_outdoor_voltage,4.084,2026-07-28T08:20:43.599Z
sensor.esp32_ot_mqtt_outdoor_voltage,4.09,2026-07-28T08:21:41.522Z
sensor.esp32_ot_mqtt_outdoor_voltage,4.086,2026-07-28T08:23:19.013Z
sensor.esp32_ot_mqtt_outdoor_voltage,4.09,2026-07-28T08:24:56.167Z
sensor.esp32_ot_mqtt_outdoor_voltage,4.086,2026-07-28T08:26:13.864Z
sensor.esp32_ot_mqtt_outdoor_voltage,4.092,2026-07-28T08:27:31.581Z
sensor.esp32_ot_mqtt_outdoor_voltage,4.09,2026-07-28T08:28:49.286Z
sensor.esp32_ot_mqtt_outdoor_voltage,4.088,2026-07-28T08:31:24.714Z
sensor.esp32_ot_mqtt_outdoor_voltage,4.084,2026-07-28T08:32:22.638Z
sensor.esp32_ot_mqtt_outdoor_voltage,4.09,2026-07-28T08:36:55.060Z
sensor.esp32_ot_mqtt_outdoor_voltage,4.086,2026-07-28T08:39:49.966Z
sensor.esp32_ot_mqtt_outdoor_voltage,4.082,2026-07-28T08:43:04.443Z
sensor.esp32_ot_mqtt_outdoor_voltage,4.086,2026-07-28T08:46:19.091Z
sensor.esp32_ot_mqtt_outdoor_voltage,4.088,2026-07-28T08:48:16.013Z
sensor.esp32_ot_mqtt_outdoor_voltage,4.092,2026-07-28T08:51:11.501Z
sensor.esp32_ot_mqtt_outdoor_voltage,4.088,2026-07-28T08:53:47.656Z
sensor.esp32_ot_mqtt_outdoor_voltage,4.09,2026-07-28T08:54:46.229Z
sensor.esp32_ot_mqtt_outdoor_voltage,4.092,2026-07-28T08:56:04.353Z
sensor.esp32_ot_mqtt_outdoor_voltage,4.088,2026-07-28T08:57:22.524Z
sensor.esp32_ot_mqtt_outdoor_voltage,4.09,2026-07-28T08:59:19.419Z
sensor.esp32_ot_mqtt_outdoor_voltage,4.086,2026-07-28T09:12:02.794Z
sensor.esp32_ot_mqtt_outdoor_voltage,4.092,2026-07-28T09:18:14.901Z
sensor.esp32_ot_mqtt_outdoor_voltage,4.094,2026-07-28T09:19:13.296Z
sensor.esp32_ot_mqtt_outdoor_voltage,4.082,2026-07-28T09:20:12.096Z
sensor.esp32_ot_mqtt_outdoor_voltage,4.088,2026-07-28T09:21:30.864Z
sensor.esp32_ot_mqtt_outdoor_voltage,4.086,2026-07-28T09:26:24.834Z
sensor.esp32_ot_mqtt_outdoor_voltage,4.092,2026-07-28T09:27:23.632Z
sensor.esp32_ot_mqtt_outdoor_voltage,4.09,2026-07-28T09:30:00.534Z
sensor.esp32_ot_mqtt_outdoor_voltage,4.094,2026-07-28T09:31:58.246Z
sensor.esp32_ot_mqtt_outdoor_voltage,4.088,2026-07-28T09:33:55.932Z
sensor.esp32_ot_mqtt_outdoor_voltage,4.086,2026-07-28T09:35:34.022Z
sensor.esp32_ot_mqtt_outdoor_voltage,4.096,2026-07-28T09:37:12.158Z
sensor.esp32_ot_mqtt_outdoor_voltage,4.094,2026-07-28T09:42:06.483Z
sensor.esp32_ot_mqtt_outdoor_voltage,4.086,2026-07-28T09:43:04.980Z
sensor.esp32_ot_mqtt_outdoor_voltage,4.094,2026-07-28T09:44:23.872Z
sensor.esp32_ot_mqtt_outdoor_voltage,4.088,2026-07-28T09:46:02.022Z
sensor.esp32_ot_mqtt_outdoor_voltage,4.09,2026-07-28T09:47:00.565Z
sensor.esp32_ot_mqtt_outdoor_voltage,4.092,2026-07-28T09:47:59.876Z
sensor.esp32_ot_mqtt_outdoor_voltage,4.09,2026-07-28T09:48:39.162Z
sensor.esp32_ot_mqtt_outdoor_voltage,4.092,2026-07-28T09:51:35.519Z
sensor.esp32_ot_mqtt_outdoor_voltage,4.088,2026-07-28T09:52:34.445Z
sensor.esp32_ot_mqtt_outdoor_voltage,4.092,2026-07-28T09:55:11.923Z
sensor.esp32_ot_mqtt_outdoor_voltage,4.086,2026-07-28T09:56:10.818Z
sensor.esp32_ot_mqtt_outdoor_voltage,4.088,2026-07-28T09:59:07.576Z
sensor.esp32_ot_mqtt_outdoor_voltage,4.094,2026-07-28T10:02:43.643Z
sensor.esp32_ot_mqtt_outdoor_voltage,4.088,2026-07-28T10:04:21.826Z
sensor.esp32_ot_mqtt_outdoor_voltage,4.094,2026-07-28T10:06:19.279Z
sensor.esp32_ot_mqtt_outdoor_voltage,4.092,2026-07-28T10:07:38.279Z
sensor.esp32_ot_mqtt_outdoor_voltage,4.09,2026-07-28T10:09:36.157Z
sensor.esp32_ot_mqtt_outdoor_voltage,4.092,2026-07-28T10:11:14.406Z
sensor.esp32_ot_mqtt_outdoor_voltage,4.084,2026-07-28T10:12:52.648Z
sensor.esp32_ot_mqtt_outdoor_voltage,4.094,2026-07-28T10:14:30.897Z
sensor.esp32_ot_mqtt_outdoor_voltage,4.096,2026-07-28T10:19:25.483Z
sensor.esp32_ot_mqtt_outdoor_voltage,4.092,2026-07-28T10:20:24.418Z
sensor.esp32_ot_mqtt_outdoor_voltage,4.086,2026-07-28T10:21:22.963Z
sensor.esp32_ot_mqtt_outdoor_voltage,4.094,2026-07-28T10:22:41.914Z
sensor.esp32_ot_mqtt_outdoor_voltage,4.092,2026-07-28T10:26:17.963Z
sensor.esp32_ot_mqtt_outdoor_voltage,4.086,2026-07-28T10:27:56.114Z
sensor.esp32_ot_mqtt_outdoor_voltage,4.094,2026-07-28T10:29:33.509Z
sensor.esp32_ot_mqtt_outdoor_voltage,4.082,2026-07-28T10:31:12.524Z
sensor.esp32_ot_mqtt_outdoor_voltage,4.086,2026-07-28T10:36:07.147Z
sensor.esp32_ot_mqtt_outdoor_voltage,4.088,2026-07-28T10:41:01.816Z
sensor.esp32_ot_mqtt_outdoor_voltage,4.092,2026-07-28T10:42:59.517Z
sensor.esp32_ot_mqtt_outdoor_voltage,4.09,2026-07-28T10:47:55.148Z
sensor.esp32_ot_mqtt_outdoor_voltage,4.092,2026-07-28T10:52:50.718Z
sensor.esp32_ot_mqtt_outdoor_voltage,4.09,2026-07-28T10:55:48.114Z
sensor.esp32_ot_mqtt_outdoor_voltage,4.096,2026-07-28T10:56:27.272Z
sensor.esp32_ot_mqtt_outdoor_voltage,4.092,2026-07-28T10:57:46.451Z
sensor.esp32_ot_mqtt_outdoor_voltage,4.09,2026-07-28T11:00:04.458Z
sensor.esp32_ot_mqtt_outdoor_voltage,4.092,2026-07-28T11:10:35.363Z
sensor.esp32_ot_mqtt_outdoor_voltage,4.086,2026-07-28T11:12:33.637Z
sensor.esp32_ot_mqtt_outdoor_voltage,4.092,2026-07-28T11:14:51.666Z
sensor.esp32_ot_mqtt_outdoor_voltage,4.088,2026-07-28T11:19:47.387Z
sensor.esp32_ot_mqtt_outdoor_voltage,4.086,2026-07-28T11:24:43.063Z
sensor.esp32_ot_mqtt_outdoor_voltage,4.09,2026-07-28T11:29:38.755Z
sensor.esp32_ot_mqtt_outdoor_voltage,4.092,2026-07-28T11:31:36.668Z
sensor.esp32_ot_mqtt_outdoor_voltage,4.09,2026-07-28T11:33:35.318Z
sensor.esp32_ot_mqtt_outdoor_voltage,4.094,2026-07-28T11:35:13.895Z
sensor.esp32_ot_mqtt_outdoor_voltage,4.086,2026-07-28T11:40:09.507Z
sensor.esp32_ot_mqtt_outdoor_voltage,4.09,2026-07-28T11:41:28.362Z
sensor.esp32_ot_mqtt_outdoor_voltage,4.092,2026-07-28T11:46:04.256Z
sensor.esp32_ot_mqtt_outdoor_voltage,4.09,2026-07-28T11:55:35.451Z
sensor.esp32_ot_mqtt_outdoor_voltage,4.094,2026-07-28T11:59:31.846Z
sensor.esp32_ot_mqtt_outdoor_voltage,4.092,2026-07-28T12:10:41.335Z
sensor.esp32_ot_mqtt_outdoor_voltage,4.09,2026-07-28T12:12:19.786Z
sensor.esp32_ot_mqtt_outdoor_voltage,4.084,2026-07-28T12:17:15.047Z
sensor.esp32_ot_mqtt_outdoor_voltage,4.086,2026-07-28T12:19:32.764Z
sensor.esp32_ot_mqtt_outdoor_voltage,4.092,2026-07-28T12:20:31.427Z
sensor.esp32_ot_mqtt_outdoor_voltage,4.094,2026-07-28T12:23:48.490Z
sensor.esp32_ot_mqtt_outdoor_voltage,4.09,2026-07-28T12:30:41.333Z
sensor.esp32_ot_mqtt_outdoor_voltage,4.092,2026-07-28T12:36:35.224Z
sensor.esp32_ot_mqtt_outdoor_voltage,4.09,2026-07-28T12:39:32.165Z
sensor.esp32_ot_mqtt_outdoor_voltage,4.082,2026-07-28T12:44:07.283Z
sensor.esp32_ot_mqtt_outdoor_voltage,4.092,2026-07-28T12:47:04.080Z
sensor.esp32_ot_mqtt_outdoor_voltage,4.088,2026-07-28T12:53:36.764Z
sensor.esp32_ot_mqtt_outdoor_voltage,4.086,2026-07-28T12:56:33.373Z
sensor.esp32_ot_mqtt_outdoor_voltage,4.094,2026-07-28T12:58:31.111Z
sensor.esp32_ot_mqtt_outdoor_voltage,4.092,2026-07-28T13:03:25.398Z
sensor.esp32_ot_mqtt_outdoor_voltage,4.094,2026-07-28T13:05:03.478Z
sensor.esp32_ot_mqtt_outdoor_voltage,4.092,2026-07-28T13:07:01.222Z
sensor.esp32_ot_mqtt_outdoor_voltage,4.084,2026-07-28T13:09:57.622Z
sensor.esp32_ot_mqtt_outdoor_voltage,4.092,2026-07-28T13:12:34.370Z
sensor.esp32_ot_mqtt_outdoor_voltage,4.088,2026-07-28T13:14:31.983Z
sensor.esp32_ot_mqtt_outdoor_voltage,4.09,2026-07-28T13:15:50.390Z
sensor.esp32_ot_mqtt_outdoor_voltage,4.086,2026-07-28T13:17:47.941Z
sensor.esp32_ot_mqtt_outdoor_voltage,4.088,2026-07-28T13:20:24.673Z
sensor.esp32_ot_mqtt_outdoor_voltage,4.084,2026-07-28T13:23:20.980Z
sensor.esp32_ot_mqtt_outdoor_voltage,4.086,2026-07-28T13:25:57.591Z
sensor.esp32_ot_mqtt_outdoor_voltage,4.092,2026-07-28T13:27:15.920Z
sensor.esp32_ot_mqtt_outdoor_voltage,4.09,2026-07-28T13:28:14.302Z
sensor.esp32_ot_mqtt_outdoor_voltage,4.094,2026-07-28T13:33:07.915Z
sensor.esp32_ot_mqtt_outdoor_voltage,4.09,2026-07-28T13:34:26.210Z
sensor.esp32_ot_mqtt_outdoor_voltage,4.088,2026-07-28T13:35:44.845Z
sensor.esp32_ot_mqtt_outdoor_voltage,4.09,2026-07-28T13:37:02.742Z
sensor.esp32_ot_mqtt_outdoor_voltage,4.092,2026-07-28T13:37:41.873Z
sensor.esp32_ot_mqtt_outdoor_voltage,4.09,2026-07-28T13:39:00.093Z
sensor.esp32_ot_mqtt_outdoor_voltage,4.088,2026-07-28T13:39:39.183Z
sensor.esp32_ot_mqtt_outdoor_voltage,4.09,2026-07-28T13:40:37.805Z
sensor.esp32_ot_mqtt_outdoor_voltage,4.086,2026-07-28T13:41:36.802Z
sensor.esp32_ot_mqtt_outdoor_voltage,4.084,2026-07-28T13:42:35.039Z
sensor.esp32_ot_mqtt_outdoor_voltage,4.088,2026-07-28T13:43:53.564Z
sensor.esp32_ot_mqtt_outdoor_voltage,4.086,2026-07-28T13:46:29.842Z
sensor.esp32_ot_mqtt_outdoor_voltage,4.088,2026-07-28T13:48:07.471Z
sensor.esp32_ot_mqtt_outdoor_voltage,4.086,2026-07-28T13:49:45.082Z
sensor.esp32_ot_mqtt_outdoor_voltage,4.09,2026-07-28T13:51:42.203Z
sensor.esp32_ot_mqtt_outdoor_voltage,4.082,2026-07-28T14:00:28.790Z
sensor.esp32_ot_mqtt_outdoor_voltage,4.084,2026-07-28T14:03:43.679Z
sensor.esp32_ot_mqtt_outdoor_voltage,4.092,2026-07-28T14:06:38.998Z
sensor.esp32_ot_mqtt_outdoor_voltage,4.09,2026-07-28T14:08:35.875Z
sensor.esp32_ot_mqtt_outdoor_voltage,4.086,2026-07-28T14:11:50.658Z
sensor.esp32_ot_mqtt_outdoor_voltage,4.092,2026-07-28T14:13:47.433Z
sensor.esp32_ot_mqtt_outdoor_voltage,4.086,2026-07-28T14:17:21.373Z
sensor.esp32_ot_mqtt_outdoor_voltage,4.088,2026-07-28T14:20:55.404Z
sensor.esp32_ot_mqtt_outdoor_voltage,4.084,2026-07-28T14:31:37.030Z
sensor.esp32_ot_mqtt_outdoor_voltage,4.086,2026-07-28T14:36:09.042Z
sensor.esp32_ot_mqtt_outdoor_voltage,4.09,2026-07-28T14:39:04.019Z
sensor.esp32_ot_mqtt_outdoor_voltage,4.084,2026-07-28T14:42:57.129Z
sensor.esp32_ot_mqtt_outdoor_voltage,4.088,2026-07-28T14:47:29.066Z
sensor.esp32_ot_mqtt_outdoor_voltage,4.092,2026-07-28T14:51:41.536Z
sensor.esp32_ot_mqtt_outdoor_voltage,4.082,2026-07-28T14:56:13.356Z
sensor.esp32_ot_mqtt_outdoor_voltage,4.084,2026-07-28T15:00:45.098Z
sensor.esp32_ot_mqtt_outdoor_voltage,4.09,2026-07-28T15:09:48.615Z
sensor.esp32_ot_mqtt_outdoor_voltage,4.088,2026-07-28T15:14:39.791Z
sensor.esp32_ot_mqtt_outdoor_voltage,4.086,2026-07-28T15:19:30.920Z
sensor.esp32_ot_mqtt_outdoor_voltage,4.09,2026-07-28T15:24:21.910Z
sensor.esp32_ot_mqtt_outdoor_voltage,4.086,2026-07-28T15:31:08.798Z
sensor.esp32_ot_mqtt_outdoor_voltage,4.084,2026-07-28T15:40:50.330Z
sensor.esp32_ot_mqtt_outdoor_voltage,4.088,2026-07-28T15:45:41.047Z
sensor.esp32_ot_mqtt_outdoor_voltage,4.09,2026-07-28T15:50:31.810Z
sensor.esp32_ot_mqtt_outdoor_voltage,4.082,2026-07-28T16:00:13.340Z
sensor.esp32_ot_mqtt_outdoor_voltage,4.088,2026-07-28T16:05:04.141Z
sensor.esp32_ot_mqtt_outdoor_voltage,4.09,2026-07-28T16:09:54.882Z
sensor.esp32_ot_mqtt_outdoor_voltage,4.088,2026-07-28T16:14:45.571Z
sensor.esp32_ot_mqtt_outdoor_voltage,4.084,2026-07-28T16:19:36.211Z
sensor.esp32_ot_mqtt_outdoor_voltage,4.08,2026-07-28T16:24:26.773Z
